v,w,x,y,z,class
6.424908928987861,3.2389160453761443,8.042395718156994,6.109100547251229,5.160194893533114,C
7.399188313555985,4.324199816975597,6.736183623938352,5.577494017591012,7.33602906172673,A
7.506483284641706,3.0518493749927105,6.563059101901233,6.015742666455619,6.446182947509426,A
8.420797803032192,3.4408677871358524,7.537362329115492,6.420797751577077,5.414310571833245,C
5.740067153556968,6.405425751353567,3.2495884607979315,4.022444056378409,4.73888228585331,B
6.012221774961918,5.19796042286603,6.110231423035911,4.9031386613282155,2.97558924743475,E
5.629099332355702,1.7139094073724328,4.571084204975194,2.822175187805818,8.00356935061032,D
6.593248238043564,1.1172778012514284,3.7021218290975257,3.2562478495030476,7.527186617054886,D
6.0339219169082945,1.7927610594420367,5.008164305296086,2.6637567628178696,8.29275263403777,D
8.017890910495268,4.4998190066187185,8.039311478668013,4.739149325095481,9.109827560782172,A
2.4048157231836345,4.857175353111558,5.083245584088795,3.168513721779828,4.155449669538267,B
6.163877410823098,2.0105068221947944,4.5049564987492445,2.4511475458700325,7.834194362047464,D
2.0373595886839726,7.7467856962484145,2.466280136460467,5.159390208757097,6.5429726693399575,B
0.997662235265258,7.144355133186673,5.396782918048693,2.882041499626362,10.0,B
6.796180041896513,2.167662074682832,3.751110098318576,2.002438402842521,8.060888127484356,D
2.4307896502880846,5.641043520440997,2.7809480081878957,2.769065627651054,6.424457695715852,B
5.9236276704025785,6.387403684130998,7.645110648498008,5.853006311796459,2.4328961723192926,E
6.731315112847552,1.9309820389588659,5.615559741196596,5.637913421840984,5.108967859908906,C
2.953238367785247,8.326835025333125,6.919388756488779,5.770050806539161,4.253069365048994,E
8.139405650617709,4.112024725480252,6.876228785064006,4.965912352832582,5.84243200472536,A
5.647467773331459,8.534672140691473,6.494706018820125,6.846736707689406,4.198741063016722,E
3.3206839384852156,9.380775796854646,3.9090883768843874,3.132192650367112,4.395819645887625,B
6.189558115447132,5.574598776631213,7.993834700777654,5.358109164397978,2.2061902697965636,E
5.933384098134892,1.2675638534468465,4.9118090542273265,2.9894693451293315,7.732425824843869,D
3.9464989239118005,3.641520346540166,6.601047051219144,5.32946237826603,2.622057892262815,E
1.9916328510380166,3.8726637175639897,2.843151073667679,0.956257864244229,6.449735371204892,B
5.2527557346865965,4.728733845305815,2.225185338438546,2.68981946892062,5.301587923186598,B
6.673571991117354,2.7594462320395223,4.939015723770399,7.52368690360525,2.1201195812618643,C
1.4653121463938454,5.73278702675861,2.195026410657396,4.039163655241615,2.098655231200024,B
6.011399716276445,6.194773635243796,5.279089296988103,3.519686639690862,6.540790045923648,B
6.373041244551001,1.8096771511313934,7.035431573463173,7.6275372214737,4.718957475788887,C
5.630939487947108,1.3446138590046077,3.9431252315985788,2.9221931937468026,7.6967668825972275,D
7.897861313402386,1.6339332565093923,6.244443105460393,6.428930739300443,4.3413306426797185,C
6.441890544938412,1.847535283635127,4.123383610093541,2.063078243102548,7.5226958618526885,D
7.508786859397297,5.245936659126601,7.165809985196806,4.441904617246509,6.944853215251857,A
8.765136536776234,4.9730436773456645,6.429076152117019,4.950878476497745,5.979182099079567,A
5.503988594580305,5.230274192838112,6.075742269514511,3.133558041240808,1.6339719593032695,E
4.892662156932492,5.238127697827606,2.415499861297256,3.4499403641315394,6.276414424756219,B
6.512179387547059,0.8988846874546454,4.631426371083476,2.800431322766171,8.05977845182851,D
3.3833568997198493,5.331712748013502,7.835882470205517,6.130056187777741,0.12256609702658672,E
6.160500225451341,2.9059561079946366,6.852832179085623,4.909867307318726,4.792754255367131,C
7.045358668421844,4.188898175602543,7.318573944044482,5.603762440259309,6.642641022763998,A
5.171017397399797,0.6103772149408186,3.9241247197183853,2.372751160102416,8.290207565757003,D
4.434933499758834,6.639291182105118,5.650677481624384,6.083311140703622,3.308530539011801,E
6.884840332750449,6.980783798145881,2.452645313948773,4.57506865409825,3.9650203415341885,B
2.5705729986860977,7.239673914461119,7.090380200454216,5.355000860911158,5.324649296326286,E
8.014532148688822,7.199507287935246,5.1186191196487485,8.113015724412138,4.441017930075789,E
5.977844105714364,1.3272637461713321,5.164181306343337,2.825905082542274,7.516501214090792,D
6.802145130527901,3.894271070174991,6.097880084611223,6.782407268235735,3.524564698047306,E
5.682470296451866,1.095175775972943,3.8919013904581004,2.421629797659776,7.986537313564721,D
6.662017759868232,2.8561059736401266,5.788185493482382,7.469948409665537,4.795897793686074,C
7.31212576575527,6.093870828701821,3.9695990599553097,4.900156180504297,3.6094225755644374,E
8.490576274918626,2.9203496973966505,8.32568948230123,7.286941565996308,4.56396803138661,C
5.696093872782614,5.308440320615278,8.550748591764037,6.656097833959432,5.536665089808382,E
3.263039615961035,7.4010377201303506,4.339738033698269,4.2376920938398115,5.413027585413719,B
6.676801928334379,1.330122500911536,5.206725051516502,6.584207903470938,2.5084855679847546,C
8.395977536530394,5.190100717850467,6.005572641528586,6.367539809210748,6.368249517288362,A
7.1763103896736045,3.747502566800645,6.727096340254954,5.406407527746179,7.663012845312015,A
5.921176421424846,2.1288928743272955,4.110608454745186,2.6284162353069584,9.351399360803658,D
3.9766878153066,7.547929608220564,8.182331708277282,3.817220063992865,1.6292152220206546,E
5.585087639851045,1.1496100468812083,5.0351978001253075,2.507062683470361,8.228991703451236,D
8.167106452238865,5.615450446947907,6.68836118856804,6.44842875614458,7.082331541355725,A
6.328867908376334,1.1569627027084533,4.887932576523561,2.404812748416065,8.63938301206092,D
7.54310616658753,4.058377845187927,6.943393374611851,6.008571326644889,6.699367106074026,A
6.542401115350962,0.7655524758862127,4.573293032978445,2.827197667011407,7.665878068263371,D
5.827930196222787,4.041207318187222,7.724792691862763,6.151629884028653,9.128085444997875,A
5.57244933477669,0.7430653212866543,5.3144325838894755,2.6405303309064174,8.689994486640602,D
5.751271026643906,1.0902649640834596,5.369464999924469,3.2341742048714823,7.8134185331606165,D
6.700467631000586,4.086740693774271,7.608865730318237,4.919065640765656,7.164637512035695,A
4.903923006613767,4.9207190104084235,5.275073271128749,7.433344518271035,4.35753848347532,E
5.593725782074362,8.687385507526539,1.3169718758637856,2.4922188800442404,3.9172105754928954,B
7.680625016334251,2.888578604421549,8.351970478018462,4.608451026532064,6.487117364668353,A
5.589597901746285,6.645326941055178,6.434293359163238,7.477557350854365,2.524682936989855,E
6.15572360366742,1.081489154566432,4.257510639655735,3.3310969385178946,8.700762648986757,D
6.62183571719428,0.6071611584687826,4.260210047642992,2.1943407943265294,7.74083867566805,D
7.43505561195378,8.089920648491262,6.039618737274946,6.667941806814079,6.1065717511566655,E
4.892638338958731,6.457295307431902,1.743102907970195,4.199691361972384,6.573367197917143,B
5.418494516705721,1.459201868768266,4.143142761514689,2.787974467522874,9.353488105178592,D
6.818146870390533,1.5119558003444085,4.611823480988067,2.793250197722793,8.399673106865878,D
6.715061800029893,2.465763479178453,7.372588364071684,6.497857129284062,5.0263447341042315,C
3.660533583154624,3.348926248230936,7.268944372074898,9.419199491398064,6.261073238433828,E
8.551527810006885,3.5954689406425397,7.563595846386353,4.6361104617057896,5.437933698949229,A
2.2226281425619225,6.5341093690788705,5.45439426198416,2.8777316971861175,8.08714188042425,B
5.461694051345012,1.1967073488609365,4.398770200082388,2.2636731443801748,8.336843155182546,D
5.488160834397431,4.884103228662367,6.813014795070068,6.69418354987424,4.945179951002157,E
5.001125517598573,1.8712214085658443,4.050117577412411,3.2569073182939734,8.163387281641532,D
3.3851637309583666,6.718939606266826,6.02291104958989,7.500746734558538,5.390966261366829,E
6.146174874628535,0.0,4.641805378620682,2.3924069887590846,7.7268338476232605,D
6.3665380202876936,1.4260830773222763,4.154145577857249,3.1107509311160344,8.403732337564964,D
4.3662279345784505,4.303354380346608,4.174859774871771,4.99115126304704,5.235088541737167,B
4.498267750310296,6.959899886152948,4.992974228691079,5.674802360306948,5.555836284208809,B
9.663157876326483,4.8263351927764,7.0634350691246475,6.089299619963975,7.212017162771808,A
4.627666591084599,4.015886323361392,8.257431484488173,7.92834041152461,1.6694792106543845,C
6.660907985298017,1.6947830775851784,3.872156325982439,2.5389386087577868,8.70546646776943,D
6.993539121644776,1.4782129528293257,4.622891060460833,2.8933051501507174,8.303320385143135,D
3.466964068610679,3.612822186672255,2.8574929878696262,2.3096492105980837,5.937374647919534,B
5.479624619715073,4.275404661515146,6.884885934647471,5.214725814723862,4.889873485987793,C
5.805714762308883,3.0988352420890757,5.387521297446759,6.080267197158848,5.928475834788989,C
9.365734472544569,4.760316260677462,7.0571107855102575,4.7348840783971085,7.0543373134668235,A
5.5982971466059155,5.974012494003292,5.455932141520304,6.423398284510249,3.6253518260854647,E
6.994133850488736,7.284760305218846,3.2270216511996,7.218188886441644,6.530951417251307,B
6.449119863381202,1.3287489901998395,8.983176619143034,5.754250592165302,3.430945509855674,C
3.7189189465281993,7.027329487339349,4.244863800847567,2.668900813747042,4.356027527603002,B
8.171440771648706,4.091072844458675,7.203960057818079,5.77150487474578,6.83699089974107,A
7.111150920070001,3.353350145958226,6.050555914234328,6.223806462483262,3.9507642073589357,C
4.2473091660397415,6.178516260710589,2.6992158410529137,4.09163089266197,4.267861896979808,B
6.849326076642969,0.5859781588641457,4.234689685309848,3.046655036454423,8.542482130177218,D
5.865804017828668,5.925701921522951,6.521787069160319,6.594554554516738,2.004870316501981,E
5.628124088784535,6.944790139143368,2.455977535376017,4.4743268138916745,4.06574551025458,E
7.089568340922257,3.3356658618643538,6.481163345187438,6.360542941438212,5.208348294199019,C
6.14250251687924,0.6959525325360127,5.185661152339643,2.3617069731677813,8.576314414933378,D
2.6225902214803667,6.569090640029652,3.87411215478275,3.364950694968719,6.186624782608746,B
5.352715015483078,6.4696413143208265,6.395478700596503,5.389801619861423,3.966357975502693,E
6.702299509219575,1.518642850879342,4.868268018663412,6.361251634601282,3.3884022383471692,C
6.406497853045403,2.7894854770921635,4.892461828302573,5.686611591852608,5.973751915045076,C
6.207357501323523,1.4355431550347193,4.8176979748752435,2.580669414093463,8.240239064548252,D
4.617208622427052,4.233945475058774,6.143990768318129,7.748762308934248,5.115349009872089,E
6.719735872693496,1.5654151334521345,4.53486375466902,2.652892867203099,7.909971551000643,D
5.323689345338336,0.6564819871345273,3.8851916245887947,3.212435499615511,7.709581844802994,D
6.08771042193515,1.7379291399181085,4.9152965923709235,2.6704261255663297,7.129555311496075,D
9.088483524889325,4.487091403353932,8.350520643254296,5.730445108343137,6.8192867239629384,A
5.758700568823478,6.744418838368531,1.5924286649469126,5.986865893593274,5.477241355326921,B
6.61058492337026,1.680044768014489,5.068007685764969,2.8982772950111597,7.74064308544904,D
7.536373907824636,2.5354662039159512,6.5544437276094,6.112345881028862,5.573590620502195,C
4.586638024054151,5.284215909848868,6.979959100172135,4.474993294695744,3.2817892022688215,E
7.327308542156303,3.209749588728464,6.040187260290387,7.656706160722839,3.5858757574136986,C
6.5302515148233145,1.6683297449081973,4.712164776422771,2.4751132095958983,8.096858826066022,D
5.3700770068343315,1.9799646948077023,4.701414488774719,1.7565185296505281,8.925647271545847,D
6.836760583425657,2.722235538986613,7.180033155536556,5.1442557411599275,4.116310257539292,C
4.695986410622009,4.193491978079884,7.211254926488037,6.565585941491635,3.8094992563130075,C
4.103593313509374,3.5800895037520473,4.701365060396122,4.615780040617446,0.8796112508952723,E
8.940947314083902,5.079928002015981,6.402561613187983,4.899964455433081,6.603907752819017,A
2.3162009568360933,7.945500572246916,5.7601909092398,4.797806655431105,3.3782725321317897,E
6.96306661342244,3.440101355384871,5.399671049813725,6.461927658568417,5.088424789021735,C
7.658302464811752,3.85815990014391,7.231622981147904,5.296560349941149,5.899038501504441,A
5.018295409450674,7.389454258683883,2.9433645130544157,1.982189629848646,4.946968397862909,B
4.4522038809754525,6.980305843935563,3.8068849487124385,3.7765614151854576,5.117126516886018,B
6.056363501837706,1.3275861491687535,5.152943166434053,2.7518901681394654,8.41275033995534,D
7.420639497379681,3.6525322154007847,7.100761069788437,5.090203941469216,7.8347729652764055,A
6.686379048093637,1.4768257673345055,4.458859693977613,6.37660102663091,4.206076022672603,C
4.563998270862496,3.036027905875459,7.132415789898305,7.144941965055439,5.321983997676017,C
3.4139633097154083,10.0,10.0,6.980883075582791,7.541589730616412,E
5.032871919195392,4.867102768291077,8.220151974941775,3.308836899414721,2.3744714953161794,E
5.469132164250415,1.341758717975146,4.131199170062436,2.303897183940714,8.493528459240697,D
5.416935108150535,4.7324594793195445,7.156378890441658,5.549176939103908,3.0332999210293368,E
7.6990234146711725,4.490366537079208,7.460147002579141,5.443558527923889,7.474903426927517,A
7.390468325023815,2.9285837134591928,7.162715055901183,5.2498148437973455,3.3960136880115583,C
6.125363590751546,1.5226292661582743,4.176955074171665,2.974248056313625,9.321395241965305,D
2.9616245394730387,3.9092720181523797,3.594712578243524,7.405192419142997,4.099706036889747,E
6.055316264633129,3.542754896047833,7.349997699138745,6.4865884604999415,3.7029939553273215,C
4.058044067616358,5.930171020249842,7.834935417148483,5.099213711149275,4.240919760204886,E
1.8497985442275562,4.50057720538124,5.606715125083245,3.976216927545309,4.863975131229948,B
7.288249373367305,6.373666239492435,6.808566014484894,6.423454622672799,5.294122554099421,E
5.969887872881646,1.8325132320482735,4.021492600812788,1.8959668962506941,8.526356546726308,D
5.575959953898941,4.405627954904047,7.31760860324626,5.132765077858476,7.039195416322114,A
1.8715107244855465,4.234221184822379,0.8609261237498274,3.0660882290735136,4.861325178467794,B
4.832046503779867,7.370354676018696,7.828961438676192,6.702197745507472,1.7576758682680618,E
9.227789251076468,4.450290579771352,5.531340137402241,5.65728178519778,6.062804442730462,A
6.160837335182195,2.5326265887860444,6.941787989038712,5.608836457127283,4.836919049123452,C
5.300367992818465,3.4609702635567907,7.421371827302897,5.872491161648115,5.346996974729786,C
4.79549954370929,4.7561217457511304,7.186674635277734,8.566026747540075,3.8244934371822374,E
6.737962961564589,0.8483249709763938,4.1779562307502145,2.429139355411632,9.438724251223885,D
8.813955557128399,4.27067119798267,6.755408412199515,5.417338984356602,7.781167298908759,A
8.374407362667583,3.2152357391860917,7.570264797084629,5.93473484149727,6.704787815888007,A
7.748876079072704,1.6133428005494994,5.110914938582052,5.857485573687669,3.9714241426976584,C
6.457991297332386,1.3486441742057536,4.122040471267082,2.468923975194864,8.181137389486821,D
5.226891496394325,6.466243390859742,4.853120680483914,2.7728835465300077,2.044268308053407,B
6.466493508547522,1.9494026545757026,5.807534322736609,7.164027888300499,4.464376456145651,C
6.422954245387645,1.9365667695984106,6.826553194911917,7.269743154746038,5.496513232796906,C
8.201660785511347,4.722751625321715,7.309326699557078,5.450121169471016,6.885533058741233,A
3.2667303254234064,6.1224479617273095,4.0377616662960945,8.790665454480617,3.605673991666941,E
6.300201205947523,3.457884556716245,7.864816373140721,6.421655904844937,2.9684752403931025,C
7.585890648663263,2.662421892150145,7.39440624013525,5.725311039754217,3.1884597422273986,C
6.006062273600896,1.3544299038863903,3.9573185309465817,2.3141340135688058,8.234456418898318,D
8.33269749027925,3.441813967017772,6.0110169177850405,5.35371955308704,6.412797602135126,A
5.405984972953884,5.5433927415223945,7.552965457546715,5.179177354571518,6.633102991359854,E
7.200073589254525,3.6215807274101715,6.215654504503457,7.18085521352583,3.701190411616296,C
8.77020866817465,4.496499167939891,6.677955753387346,5.182690169720893,6.152911032938274,A
0.0,6.506384312043165,5.33712783703567,5.04402674612536,3.9307802985216544,E
3.615763985756839,6.312340828509668,7.187469088638206,6.585339183286344,6.203295282223907,E
7.685164785020065,3.0651688967876414,7.324069307135485,6.470104401006049,2.292914035135066,C
4.172336033152534,5.12712712735163,7.718006651379042,6.365804040350692,4.40755027637932,E
7.729474498754367,2.9035489796688987,5.838739387988348,6.783686318823316,4.209839343254857,C
4.299764863964103,5.309379873280718,3.335046413572231,2.14922012110988,3.9807795371080346,B
8.281984191317205,0.7302786879886858,5.739621904703288,5.144181864436988,3.177026595247913,C
9.116280118558066,5.066200234310401,5.335883494500418,6.556471805242204,2.545337072163321,E
9.331449971319884,4.502104492682061,7.268104030995947,4.656303812688717,6.837856229892589,A
7.876184303021052,2.7127578202960265,7.105870626351804,4.936388647252785,4.106953540828598,C
6.953660617968573,8.453918343934568,2.9292249168733897,8.89843460444719,6.063430261591504,E
3.1221065298817767,7.448010045369152,3.7496864621906916,1.666645836667044,5.64469973719043,B
2.9306389264865653,2.958799404446415,2.639474282701286,4.545509606471624,3.3760032001755076,B
2.3726678736375826,1.7730931379552848,6.257867294177066,6.944378535355887,3.70810131103373,E
6.569703477649569,3.246420986878667,7.326155503656616,4.9087790435768675,7.75715182313847,A
3.496452096064787,7.733483639148602,5.551398180463312,6.22017643826518,2.4847031314953005,E
2.8365301164907795,6.158599076156737,2.905734040701112,3.7109984598199857,4.659918788124665,B
6.827772642897396,5.319113526349804,6.346904113696485,6.286728962664383,7.988369730821699,A
5.462884794345684,1.2069257257198287,4.037918157927178,2.1485515492322387,7.917666568930896,D
8.77779133868254,4.048608646620276,8.207940818344486,5.415737343684807,7.332081837837074,A
2.3738289561649077,5.976486731098703,5.522163784144459,5.083712711140552,5.538507513994989,E
9.072459744870699,7.604900392467896,6.4705328634293195,5.327244815010738,6.1294345000839465,E
7.548724267130867,3.609598988832737,8.19989545178885,5.852338730442529,6.130498369089155,A
5.784486030828947,6.4238228071329715,3.1575300727772726,2.5366868365470636,3.8671843009436575,B
6.358813369715725,0.850168122424896,3.869639467731317,2.4277967772174023,8.15206258960064,D
2.9237449203740353,7.166470926533391,1.9157194735503977,2.786654345620864,2.8068206527365427,B
6.173582946794895,1.430606487184067,4.974250202529191,3.108816666660778,6.669188734137142,D
6.951806605468541,2.113188332684251,7.517568758392608,5.8364517817826895,3.8669749004856886,C
5.760230506908366,2.032122926768098,4.1856134922022665,2.756815924163443,8.048007546244541,D
5.563274630468662,4.325652759373707,7.036937418233366,5.02778281981818,3.5020536111499494,C
4.593847525579659,6.037862705462624,3.4971092565501913,4.973944974189033,0.6196156664251378,E
8.080016344796986,5.200210831319776,7.7642627358156036,5.662967289640825,7.798989034767209,A
3.8365503162416257,3.5951366294998874,1.6977936570558434,2.904391110100007,5.956556491157794,B
8.071778417783666,3.632055333744642,6.884395061736028,6.088232964468008,6.816723636052766,A
1.9669708207753498,4.022089700307567,2.6328489575287035,3.765546916692586,6.002108353144529,B
5.885239555190131,6.290791203716446,3.566259211039217,3.2404433114696563,6.465055713663402,B
7.832268501744771,4.763102055367396,7.648507361671509,4.513527615282413,5.871387574572285,A
7.956026006258394,5.271045203407023,7.728244369340607,4.662297512313314,7.104822693854897,A
5.316740124400558,7.3843495193153075,8.09551493723045,7.304480814218511,5.717445780296126,E
5.245354760702699,6.723758188759357,4.929625687196851,8.166577612388947,3.3691567209557163,E
7.4191559068910164,2.286793700664678,5.278015302073992,6.990516189528666,5.108146668806348,C
2.0971689786834076,3.1624158633060477,3.765849605794193,3.206276112018874,4.8727009531421706,B
4.536929094741032,4.94665002789548,3.597595295806532,4.54738671309927,7.004118409240143,B
5.997284670399303,1.7727181916462182,4.111537650236538,1.9869853598042129,8.779067632092543,D
4.682360969784189,1.9208985313183617,5.465001808459097,5.978452884319288,2.4489211596836875,C
7.074729311211854,3.1466060775118416,4.860433282684004,6.148753594783479,3.455997563196616,C
5.727446084622896,6.1313953831446,5.849043927773848,5.9553770359784854,3.1608923146729015,E
7.663578556395754,3.55429639496121,7.025687037105712,4.692959051286194,6.589802290697128,A
7.922500858008094,3.1830534821270486,7.274621485058201,4.345715678133055,7.978048635799402,A
5.384989631719245,4.606853713983582,3.0640890367001625,2.8763579203000273,5.355385685594246,B
5.022597414148638,1.1840141705808538,5.259623972879572,2.632301176646516,8.710876379276147,D
5.908899483006151,8.033720940075801,0.296030716708505,3.5804254251254646,3.5636245875080843,B
5.67522736478073,1.7188783815436133,4.386962962983292,2.995434995508567,8.03381138346477,D
6.456879576563137,1.6975297194202064,6.293882338626659,6.486493062398845,4.442893941724338,C
6.508994171670712,4.578648454929349,6.767256253168991,5.834221389273338,3.3952281872299492,E
5.078233001057928,7.480722956471368,2.7421309874184594,4.06443837440748,8.355621376598737,B
5.56919353752487,1.769503916109744,5.225415304089039,2.5677256850193055,7.744565379749793,D
5.196220331305188,3.78759510587413,6.6677055432457175,7.900076644689266,3.6843511349733165,E
5.7288690764887615,1.489017835228875,4.684224478534385,3.1874556485638497,7.551397150934343,D
7.941562580167885,3.9654844526688873,6.956173208596924,4.981315085754602,6.685429414791452,A
4.025229289014202,5.5651546167314345,4.298088568563948,5.909634543414336,4.697820572649519,E
8.086375508533038,3.4316664967090684,5.471617538856415,6.2063071297290175,7.355643178661128,A
6.114653598713159,1.36097044388517,7.080420627880487,5.367962600341075,3.9385343183150403,C
7.543146895079025,7.757123664495594,5.546260623134463,5.70000187649072,3.955177805482193,E
6.319382637356171,1.532027520712861,4.621196523812562,2.8399697603449,7.489479395533006,D
7.016022755618662,3.509943597854743,5.71624578448428,5.414781150908084,7.097213898505959,A
5.170540962300931,1.8300135075774133,3.44816182892035,2.798596247562962,7.970761516930706,D
3.628145657793091,7.129710492543907,1.4358029671538284,5.805490409625889,5.047099804017082,B
6.80870799322949,1.1497046468020042,4.80476478672686,2.9963957308337887,8.140956298991707,D
6.023026709558793,1.392082157827807,4.521860922538104,3.1622231436945167,8.550120749638443,D
8.948351881940196,4.651015937985455,6.970825721579874,4.919296812730025,7.057226634813451,A
7.600505220090525,4.008369237843485,8.059261471311801,5.344718861223258,9.231734738455923,A
3.8592015956502164,6.770391684660611,1.6945819344823883,3.758131369781396,2.997308365010647,B
8.078178372239556,3.5136484303511204,6.841921347022798,5.294632288501733,8.159848412425436,A
7.585562044908975,4.941763092298546,7.564332639426555,4.599756055864837,7.053854282373225,A
8.33048700037221,4.0568562151095255,8.730777843186754,4.727891344767401,7.412539164089428,A
6.7992132219219314,3.099142323067432,7.954179776690996,5.5533875264681605,8.353215259714819,A
6.926973201456743,5.000097837867622,5.670207703810614,4.77004745139539,6.462420849114623,A
7.539926496454226,4.336008416246493,8.482939429249647,4.817667769410381,8.173423852112741,A
7.418970439317086,4.869513242191614,8.519625058522944,4.873846417685157,6.975393469690195,A
5.908456854177328,1.5804330828367665,4.33736976117491,1.5350141720623713,8.510793601177575,D
6.387443728801402,1.59777793301808,4.860883609249786,3.3700867914536907,8.037766968932358,D
4.651400364062891,6.139686335103656,4.474122786410152,2.5704270570286014,5.695589574952324,B
6.656555889259479,5.3615865351564596,5.652092728527631,7.875037813033719,3.1685199132381205,E
5.297499447880337,1.2869269356279727,4.609401715813004,2.1266750201595808,7.928764693673978,D
6.748645076130014,3.550108854281058,5.930235739865185,6.5959719653187925,4.461981461647087,C
5.5262920200856716,0.7867671783432915,4.637050468986749,2.225250313432081,8.192014574425622,D
5.893211825108714,1.2225756161324854,4.464078874984061,2.46903498990879,8.202281879313372,D
5.678820837804991,2.0679608981704227,3.9870454933181017,2.6202623550992135,9.094371477330098,D
5.717986701419769,1.7310067941382554,5.477758351512384,2.294605521778499,8.54400779123539,D
6.265413689856205,0.9902311275554747,7.6165091989002285,4.133634451998081,2.842649979908345,C
3.3530328767728834,6.0406449863507525,3.504699571195869,5.116530571692917,6.111773342197833,B
8.543123683813167,4.368423191368824,7.050252767616685,5.358670393942989,6.123646493919794,A
10.0,5.674266909858587,6.856060709088065,4.611175476846798,7.480418361667637,A
6.173172243768646,1.7424947184913204,5.698771271106941,5.116917588696646,4.299871602373371,C
9.687862641801674,3.130788952188914,6.709084673310399,6.517628115415345,2.1387433973137755,C
4.220291509071804,6.685965487909407,5.290552108248657,4.864833312418024,5.497959053602633,B
1.6567091497182704,4.910193888712173,4.531421666903555,3.188590723393718,5.430893634696795,B
7.049148538801311,4.7063976072550355,4.530756212283644,5.320190505139584,5.213618475824086,E
7.811806071136797,4.370159929759838,7.092398905790003,5.330668536571105,6.286001434606309,A
2.9116249915503953,4.21794898210934,2.6094606629933343,3.2526145533204955,4.322534216815894,B
2.661970197469845,5.6806415153551315,2.85455204202999,2.606080147479128,5.6120342504940695,B
5.370785935876882,1.5142129533613833,4.9546134302979015,2.4234691052089494,8.827325993563104,D
7.138900257021647,3.4565048909018343,6.9263909461693745,5.092227327982966,6.790040640174326,A
5.929332279985459,2.872998507559281,7.33111944374197,7.0097453339411055,3.6348616649661416,C
5.789492573214052,1.7418351658146314,4.55596464553214,2.4658337872253457,7.881419662513162,D
7.312374770799866,3.180811312016009,5.988608027691225,4.920845015706476,6.548395221612817,A
2.614565804346589,6.026834069923925,3.2171418402836185,1.8197196378353513,6.65780518100292,B
5.3339062652871245,2.3475707436426783,5.273082492572115,5.277300659240138,5.579727794733706,C
7.810065333439156,1.9166827438018457,7.229343118173548,6.568658821695061,4.075139301568354,C
4.530019490288727,6.169093693028842,3.082882097269545,6.69360229793713,5.565576047724369,B
7.819294829230667,5.501781444561875,8.55880466967773,5.9968171846337155,7.33676757374286,A
6.012377363664745,0.9673877464281531,3.75212017261666,3.2972278755019864,8.674541764813458,D
5.018550899563141,7.034972618895708,5.700778097465401,8.656818906180181,4.839351804285569,E
7.325516223722901,3.056824764276046,6.322148917077907,5.007099666196699,2.5792186604573253,C
5.137627006552944,2.856556323572741,4.73349027686792,5.634805687174447,4.702260503975703,C
4.785923450410349,7.081385366112304,4.849543625472183,4.611453884598704,8.649433113071236,E
5.954097506800248,0.5108823329190262,4.117133598028726,2.7748668411712654,7.466368700501776,D
4.779376510183178,5.547226786518011,2.344442704416837,1.527404000977668,6.530397082794136,B
3.922273546255734,5.255388755801625,3.212858758371949,3.6432187280794954,5.989786200405581,B
5.33375790141838,2.649169563854211,7.206291827976628,6.585818083203599,3.0709731743926825,C
6.542247462476125,1.6234344730694863,4.989843895238649,3.1872151835972486,7.504094512086937,D
9.045986956420276,2.0960169783645077,5.458276809322346,7.517744901211371,3.638548829472706,C
6.552365850891434,3.8186786900942264,6.169533715840452,5.4629060361064505,7.425196590123548,A
5.9665499636598245,2.553629608784392,3.8118098738838704,2.2672555823579117,8.657024021998074,D
8.72592379704572,3.63861290874063,7.955397802735275,5.376791204356299,6.354825002691739,A
9.031844351288154,4.468547504394823,7.330280215385955,5.414918093182639,8.191990783086919,A
6.112868095519721,3.9475482466909684,6.999055503915685,7.850169042335722,4.294132023810061,C
3.9509199844847185,5.160439175084387,1.3959447933404143,4.614056501285871,4.5573595737352255,B
6.818857716122717,3.1707104938397643,7.7259055286914755,5.035803771274676,2.7713346318098866,C
5.699593557107741,2.3334781830285243,4.487197678808753,2.4926141592373625,8.002135490177215,D
7.277084419276777,4.839237268053356,6.855555539662077,5.858877803660307,5.922041806633743,A
5.909284180918984,1.3349626882848744,4.9742353359955045,2.031518868969085,8.962237480664232,D
3.798494687896637,2.8123323794280535,5.165794579652244,8.158698885449349,5.401233134035633,E
7.966421921708125,4.975962662191139,8.605578932862812,4.801388453874045,7.356927156508801,A
2.1429993262456173,5.132533535238371,2.79352866018799,4.1342386536447275,4.908750409837918,B
3.0018589467536363,4.632541915840366,7.034087463168958,5.298986329171228,3.6688729624673404,E
2.8433559675801487,6.871209499459913,6.803593530709755,6.2845516029514155,6.6560596730175074,E
2.169319016436242,5.052264519473191,5.410076983248316,6.873917641421954,4.060130245014843,E
3.8843865921222167,9.10057326383575,8.144969598671906,5.7033312869680906,4.762037171159246,E
5.762067598851375,1.3091268359346682,4.277591201966117,2.5732060585346126,8.62522348416023,D
6.2583738279021,0.7875341971578078,4.413539307475829,2.473685320029261,7.588961537196156,D
5.002851081191307,6.067137270963482,3.399720686105184,3.4627996103164356,2.713048462955656,B
7.102972618490397,2.585707125852081,9.487611768470975,5.009961914149905,3.145939002572315,C
5.413893729256199,6.834319041079121,2.8837847648623463,2.824050420321278,5.293190083165131,B
2.54788690223398,7.980130993520599,1.1384132213616316,0.6429419462173716,5.997166162770077,B
2.4734989793108477,4.39489749321746,6.571702849960236,5.439088937222305,0.7109576863062506,E
6.783766125711988,1.7986108453943177,7.715581994755402,6.421509047225255,3.179675947777019,C
7.5109913003554425,3.3917709743255013,5.6721826760787035,6.527250527370992,3.7777204418842896,C
6.231172408154033,1.156416039156536,4.421987047676203,2.024447233890932,7.800688688465751,D
6.496757284158262,4.26853637884671,6.607248302865141,5.560091049067372,7.014781528651533,A
6.913829534977088,0.9286393879352453,5.993888329432984,5.9697325396079215,2.5969858394267558,C
3.4372749451959073,3.6667279947470055,5.280354420826364,2.671648297533655,8.276188103995425,B
7.621038924145729,2.9072395435516727,6.874356847503002,7.491163764521964,5.081635426684881,C
1.2731322522055137,3.256153076123063,5.280802049182268,6.964223389402644,5.461637569717344,E
6.776011391217194,1.0962964154108716,4.725622448311897,2.8460764833006813,8.924123366397737,D
4.938021874561528,7.265311031152335,2.6041439896542364,4.217642154934722,6.161414051643377,E
6.608418130519581,1.8200367432745819,7.153062956180234,6.16396294000846,4.426229899268272,C
5.377238960484321,7.649065360597644,3.3157484242035546,4.490263066878157,6.096785185599498,B
5.25140446888677,6.409862005087739,5.852298983103509,6.203924879781925,4.990056511906908,E
6.487957357129996,4.1514836386371154,7.056220430117289,5.997203044988162,4.717093287989437,C
5.766761851509586,0.9012191488628427,4.3556027852741375,2.434807158818818,8.094251392814737,D
5.822708816676141,4.8334333243981185,1.7797980608399842,2.372079675551313,5.853796876339598,B
4.749016106517438,5.403371044118133,1.560130210780033,3.2155281340069024,6.0681248368060885,B
6.378772160771931,6.524507961879152,7.414289624047981,6.895699828304588,3.7590988279531845,E
6.050218950599761,6.590608209320376,3.838245359653133,0.0,8.043560140912213,B
5.427303432044435,0.574774448290424,6.055424750085664,5.795655688528264,4.065761975830739,C
2.588249467460199,5.713784850599793,3.956720105120711,4.796258505969838,7.868362024677348,B
5.7984953936601675,3.651477963302259,6.550955358873086,5.815412430298789,4.571450755278382,C
7.590485930445049,3.229106334351275,6.588427864160842,5.7842353663891,8.107933933427809,A
3.685126541867203,7.897025342636994,7.124327024965031,5.812339159933294,2.0140874336538057,E
5.696873842967876,2.301836556917188,4.12279132980519,2.6437561427394844,8.064303025145014,D
4.072345858901629,7.919966194871792,3.386766796585394,3.6168351825215166,5.944820599631957,B
4.946807102710776,6.551177915702262,4.61798157484766,2.4114786730971867,7.6826374947279845,B
5.111225273270464,7.016029551228826,6.188530884632124,7.7322257698987205,0.8778445839621041,E
7.091455467105941,8.019334623092348,6.439683679983271,7.223669392304721,4.5173111187481245,E
4.680960900847986,6.741375899785389,4.224119160748849,3.2798758250081765,4.3869753104380775,B
5.280409708950756,3.2352511136728506,6.300172240360089,6.7763772291727085,3.6003465634369003,C
3.104678557484098,7.09457674284937,0.7984837752475213,3.504258087244704,7.559929504493632,B
6.770724235273944,2.0868283403304275,7.661295179198364,5.999790638217019,4.000705456842816,C
4.628292682868145,4.841767566565142,1.953234692850025,4.2027508538394125,6.82198983260879,B
3.2913627537118626,6.138686409516787,7.8578532298043005,4.408225505665575,4.534653882447577,E
7.32834905649546,0.38702660458256544,6.061578127466455,6.521081834134273,3.424608054485643,C
5.419870582267306,1.4197118522947654,4.772300019080753,3.15752469479059,9.90261938649448,D
7.208707605347956,1.8555937148280854,6.724383551894038,6.5804351752719805,3.4574563841655896,C
6.136268288114851,1.1247588931577397,4.780420676065872,3.4164486897063933,8.730827594997267,D
7.774082650069131,4.444419821037032,8.786818904485877,5.437620497647193,7.082712474758264,A
7.298456583366892,5.243352378066334,8.046179059471408,4.553337284932044,6.744361699459185,A
7.551680692823833,3.9617107982896513,7.651403587342823,4.402202236873294,5.911127192009686,A
8.221648378232096,2.8662812773254815,9.438323268937758,5.090401940188366,5.913187354720785,A
7.8454709155602576,3.4116075111691213,7.068363796690853,5.507161383036783,6.851166075508169,A
1.6329653786189757,7.2839289054396765,2.508897463354937,2.9650327139396184,4.89201982115417,B
7.1762711066497875,3.8636966785681612,6.623553491730506,4.676598497605965,6.313020156104319,A
2.7829864103982422,3.7717892717860577,2.256606741728532,3.1301495637932204,6.736632661229798,B
6.171075575998771,1.5369787727009552,4.758068100388676,2.2866707477017973,8.88267061191013,D
7.37781829447541,3.361078332688706,5.6117872938734275,5.262738184246183,6.182690698381348,A
4.241448059998582,5.880059179397215,6.608162251580691,6.728727322943735,5.858598748280794,E
7.600978793707755,3.770704041735112,7.172898636966389,5.954114065240336,6.421673640465565,A
4.615419550129578,7.325291997593172,1.638863350844027,4.672710703848324,5.595461751156734,B
6.146078215534201,6.454656390770656,5.98015691791942,7.86015322585487,2.7044001131991604,E
4.591601071896584,7.755761242333703,4.952937127309719,3.223628692385854,8.145708017334396,B
6.669620059592551,0.3510295701600956,6.976286324011959,5.730521846563095,4.2206358742246675,C
6.050165573111736,0.8050210732241299,4.061957915669463,2.7152438663023757,7.401797423606699,D
6.831504591400771,2.1870031017116247,7.468057217890976,6.564838533259898,1.9991537225183178,C
5.500511573073885,4.084114296657624,6.089657816526452,5.767398923091151,3.726032512251759,E
6.31056510341292,3.6277203148188972,5.170708316252374,6.615043947239002,5.540821761805662,E
8.266957520365457,4.0475883608505026,7.0583972747622,4.913756492158999,7.615689496312849,A
5.649159484599515,0.9341009144293357,4.780312303601709,3.0310602377402507,8.272085100639153,D
5.372559227425689,5.564050632402597,3.005591603141044,5.000513576123839,5.252089399302657,B
7.4596238433715545,3.48339305323867,5.942445378933602,4.837995672837069,6.184448208447738,A
7.93418389376534,3.461736929725114,7.57655694515872,4.834134228520757,7.502378096875125,A
5.342087196828218,0.9933663773585324,4.125836021293404,2.798616779676361,6.619511266801807,D
4.793886463609261,2.7211951513123136,5.694839055176388,6.134995200517387,3.017967085760563,C
1.8736609706572906,8.094621961861392,8.656116030252932,5.785158397984423,1.8556575995970137,E
6.40500148114604,3.1417844331074947,6.845343691827456,5.503153205496728,7.100772340921684,A
7.502089098123463,1.3069062530597244,7.233277144568931,5.77062717402407,3.556982126991829,C
6.226079244138999,3.0811698493253865,6.058912720710559,5.267528316335366,7.624537352527422,A
6.771104239821668,0.5522392911184228,7.228745738893271,6.417135159019695,5.553266298661553,C
8.152406470293274,6.1868521309202595,5.893098126392416,5.750155927628601,5.7769403124460315,A
6.4691546522255345,4.546251363030886,7.225973968806695,5.198873643867035,6.947671068749173,A
4.636465098883335,6.485729195755855,4.167469653286274,2.6734804472560145,3.737380705914456,B
4.079482756091898,5.949737128021193,5.891405441676113,5.823250446223482,2.078869970582276,E
5.999329982857052,4.793148627499444,7.756695956446865,4.414836628872291,4.019703382704475,E
7.954834842436105,3.874298329026761,7.841864922219128,4.93995094606756,7.121778649734539,A
4.831375279261659,5.911096385541249,8.619664126605178,4.829785686342725,6.0982589267865555,E
8.552461090703819,2.9542187309636687,6.60056524470382,5.386190090231148,5.2098684910326964,C
6.522945201992002,0.4338841564647722,4.473815882652198,2.2610654592732677,8.61861162758545,D
5.381200808445421,1.2178649121988543,3.7239580720074157,3.291814311612449,7.0422874886292695,D
2.225893701466734,3.465874249057055,2.9595529819453943,1.6482474899589823,5.636793371294313,B
3.5492491912698574,8.824443932998904,5.96013923679659,6.240288322195358,6.9045718484615985,E
7.315667942599571,3.8028859778027364,7.798769258599595,5.843371204543088,6.827534621262071,A
7.603302713220957,3.932399787532504,7.952581191899462,5.765781742441828,7.0903583347205945,A
5.928038353950267,0.9260325463777397,6.509942404763493,6.595586694357625,3.9534772551814283,C
4.865521725951395,7.24522932192893,5.479056660794926,6.876920871820795,4.98185278283408,E
1.471453781845364,6.957840893180201,1.9098802074904748,2.756656012062054,3.6042039072911973,B
8.48391313684355,3.8776777368528665,5.936599104551617,4.707992867832491,7.848704528819283,A
5.497099277971582,2.125213063583292,3.7718015982533957,2.980271486456207,7.868132899225467,D
8.054936912418874,3.9843028781585264,6.622630917378791,5.122267517503652,6.831081189618903,A
7.969606728861997,4.049703788591743,7.199476011266018,5.03446534480852,8.856114454358007,A
6.055103696726775,4.691532024978259,2.136227819987454,3.126508850810257,6.29843816610383,B
6.483268828323745,3.512632588843176,8.012677887216354,5.402370195284331,6.195186303596076,A
6.645988536028289,0.826246786182276,7.234127873900295,7.22309168388324,4.238942080815487,C
7.740995389977348,7.487078004370213,5.429316998816142,6.191724719969745,4.2035724405640575,E
8.003334281054233,3.32976642630964,8.625098182342082,5.8798361254185805,6.318116406927312,A
7.090738460437129,3.636544140705432,7.640517822992676,5.573953745218239,7.427420753706573,A
6.743591105080695,1.073123275576096,4.1237152730120235,2.550378643173227,8.392642563888852,D
7.4502534145181025,2.517395297302072,7.898342559738495,6.15674148735821,4.921392206143356,C
6.8352839042959825,0.35472453723183905,5.34724239793476,2.1536665172506315,8.144659266550226,D
7.757962319639701,4.416031039181919,7.428004920330206,5.656524384498968,7.905726416859663,A
6.18810537547512,1.8907617531441532,4.924811757642579,3.3188783402465547,8.556330281457935,D
5.647299578009915,1.17892118600157,3.904339923371789,2.657310272279998,9.300950094839774,D
6.67068048423674,0.9632043300350746,4.292233593898436,2.724200684176962,8.023329939897614,D
1.4548914029088964,7.062668064338942,8.061215204608834,5.384251823481561,7.281393265851052,E
8.5683495057749,6.1445824677880205,6.958268583724275,5.374782787443013,7.26556537650833,A
8.330910258422612,4.5883214577335,7.5781754420955,5.444594321692741,6.642922123128116,A
6.112356011351517,6.39404559038738,0.8107651793099748,4.0977356113900285,3.4084686846549372,B
6.718606613119754,1.6214112352093681,6.6446050567079435,6.833004803265829,5.931048849202122,C
5.983566533570307,0.9629077140196349,4.693731715445707,2.4735957609588937,8.266011039470929,D
2.392560534434152,5.967139997502768,5.842067095049445,2.5505271993642076,6.342552694885339,B
4.687642654067834,3.0828389827467397,5.136989612882532,6.063570764346368,3.441457156358952,C
5.956441234570767,3.357550952583117,6.4050275587453,5.490379936864953,8.826513923184272,E
5.733256308878881,1.7750341979935471,7.240050982091546,5.533113411682212,4.942622506322119,C
2.259048672686752,6.527076751087885,1.210816730114451,1.7432593194279136,4.07080210382043,B
4.822180539124749,7.261290010103513,4.701852719937851,3.4943600455962605,6.315117641892213,B
5.447614297820163,1.370314668912588,4.711335224623784,3.332153968587117,8.790615615954561,D
9.022324999520785,3.224942939023522,7.874648320404862,5.3054312437833,7.767521941513397,A
7.256170769410022,0.6218613478186326,6.205146158843272,6.104106230047618,3.6322607072426596,C
6.664990513754818,1.9565972479507105,4.29574752871208,3.0343814299111322,8.597856033545161,D
6.802948727118263,2.9738558416130982,7.850840605726577,5.238159522745423,6.997037586927892,A
7.170527363874202,3.472143560739773,6.000061781038092,4.910545331144172,7.885283878111693,A
6.230521823748473,3.4049848626636763,5.4221542334774515,5.175062422730096,3.1433648516536774,C
6.07927794884177,1.9960205113045248,5.971085217358883,4.825456557096308,4.068196319672648,C
8.13918236559192,1.4712340867694738,8.256353385332112,6.8716558626858335,3.8263435694200143,C
6.141786458258674,2.1857276469063995,7.828521472998547,6.822440112188624,5.212241684787214,C
3.637282798339574,5.851675959242362,6.953547260114262,6.252081317059866,5.40095775774732,E
6.704503185693028,1.366521849930534,4.4246676461727645,2.952413026978415,7.999506618740123,D
2.427267806950134,4.866934923593181,1.5286992989130304,3.359400311048975,4.4212851029298745,B
6.419426064232217,1.7568867318418553,4.438119076786515,2.6453604486107913,8.745886549011576,D
5.420344088996371,1.7572712231608185,4.128501221322576,2.709747429156621,8.892053931606,D
7.220494702185766,2.8631178097163748,6.623050430950783,4.7708616081393815,5.810785188570451,A
5.791253073489219,5.163418439305292,7.181300608958576,4.6650331343389,5.326037184669795,E
2.099082981190277,7.4553449969780115,1.0139761955494486,3.968997835315065,6.9615668103899715,B
6.907885503110349,4.376637462514351,7.427894235932477,5.951119134136313,7.36128588822203,A
3.0908030309194263,6.8739002599197585,6.829219619578668,2.8373699864004074,6.226037172570797,B
7.618397845291126,5.302940715315433,6.841060847819824,4.126967333942075,6.057394015984687,A
6.963929505324174,7.369023788891793,5.545403805073587,6.044092755746216,7.296635727357951,E
7.3677902881668285,0.9239472131108313,6.530120808149464,6.895679252250882,4.076147602906989,C
5.807148394605868,1.3274293475603374,7.240721405375512,6.666293770540418,4.0441241413389415,C
8.004496054170732,1.6674804670788683,7.35879368394925,6.649808921675565,4.467809763935628,C
6.934759435328062,1.8400172700422837,4.5515456485672,3.041570218777766,8.279050563238993,D
9.410518255016543,4.903380850247838,7.049191936190838,5.59955481202317,7.245339631413883,A
6.609600953257202,2.433835543679318,7.917897624933005,6.64942153560313,3.8968251121981075,C
6.168750333584795,1.4293676185534046,5.256313267888243,2.59533454522262,7.523752798915689,D
5.2604279703929695,0.5355703868533599,4.788783260443144,2.9295509131281965,8.37551442774986,D
7.5652372942646124,5.79398095779217,7.163711437896875,5.931419989662606,5.4607262524450855,A
6.208033216699389,2.3310041486385153,7.860283997086039,6.36243910823762,3.2728877777558916,C
5.302477265114992,2.112470190388298,5.01956978694757,2.6045574136194967,8.257843782737138,D
6.0883061899974305,2.9893203221225226,2.340536300309951,4.282090118265751,6.426327505730633,B
3.672867804417292,7.619331025273176,2.7056851208348807,4.430395993345435,4.497983714783475,B
6.200681421462228,0.9703984314293694,4.767162255876591,2.5402172107370085,7.752021777816795,D
4.020707838222555,5.098009694376308,2.8332895650400327,3.4599544647840013,5.189289414831078,B
7.887353101327607,3.8473257724227277,4.594239534570077,6.484996391341726,5.027839927731821,C
9.165185496907345,5.277442790940447,6.95380051988486,5.410826880520213,3.6633369063894867,E
7.151185272713894,1.5867988012379524,4.317461887915402,2.869452495333447,8.363902101054755,D
4.985947179722302,9.988876480474616,3.5961620229989757,5.002200338263338,5.479340190678815,B
1.6555950163501594,3.3588262050237603,7.126068513197406,6.6323338228682704,5.927742989835163,E
3.6536803310179065,5.812207665356249,7.803186934706208,4.478832075164453,3.4916153279960076,E
8.457201047447672,3.319172695995439,7.215488323173821,5.872173882812394,6.307204489645729,A
7.809059485810309,2.3150876272749805,6.7283828343346155,5.369430263129483,6.239004943119301,A
5.92570620751936,7.418173863753748,5.373094897440271,5.8766324434995685,4.631474439933698,E
6.135426401643622,1.2812520830628373,4.429241019678052,2.292557919960963,8.168160193561373,D
7.4913615998934056,3.246695108980594,6.9175198712448545,5.827962350289752,6.75974803863193,A
5.692120026094812,1.2964062608396612,4.509665784225518,2.9030678885888364,8.082234287691481,D
4.77215678639696,7.1256306390451805,2.817110032261431,3.065716953229947,7.527053394806071,B
7.200207504641012,6.749825474167862,5.808328873863703,3.2602538540859505,3.0796532424941283,E
7.866036369937685,3.8846692967888385,6.988186094847959,4.0576326133087335,6.2871704164086735,A
7.916770613241875,5.874709787116233,7.222976996471504,4.497796214547436,7.424345408580592,A
4.729136346798221,5.35391745771334,3.1968837024307355,3.5992120088293857,5.234077935430776,B
4.4823008473578625,4.907861353905273,4.598033364783521,4.503538275478303,7.147556099634535,B
6.703057115917838,5.2361195358923585,6.133777640342316,4.305524328551708,6.496300789012356,A
4.323454310276304,8.375139996801565,8.070831407104702,7.415346925704395,5.141440752375718,E
4.177175282227189,4.737119221150786,2.944648372945212,2.9564494321608272,5.974424206257989,B
4.944401148697665,4.597900356813348,6.474983878215652,6.333128266776888,7.158150464657435,E
6.112574371433103,1.266227802713241,5.10239817813815,2.7256209298640828,8.826543029492147,D
7.420192338361907,0.6749375651894711,6.0969217876268,6.497411976391206,4.659975546948083,C
3.442802168680544,6.295948567798602,5.801544956395042,5.5429339933477735,5.3232362871134855,E
4.883552770834132,1.6223830557752041,4.2127685709663405,3.180228537485312,8.452901653766526,D
6.783896196804767,3.7433372447332087,4.927685706341997,5.490733244621039,4.886950165793417,C
8.384518884464844,2.9959518024588556,6.938234971208229,5.099893605659192,6.571908896959876,A
6.241715133802811,1.6299519431346048,4.9713079992646305,2.74246243764229,8.77080499817992,D
4.253376713994672,5.84023523710856,5.4542928256871415,5.52210087340391,3.440026399809239,E
5.488682278943392,5.28889639072619,4.4443937023459545,2.7288297123606924,7.955013086650299,B
6.412607717272768,1.2728231202164868,4.486793201491477,2.592989070998734,8.486131587982237,D
8.040616390950316,4.570955307238392,8.247383946364035,6.936646735305326,5.036503459470616,E
5.956784544202761,2.7174320163624612,6.4105415436894315,6.580979415076714,3.6010373741054043,C
2.4224229420151033,9.163600289839703,1.4821995372869878,3.934806269960694,6.637683320688209,B
6.850236076031007,4.756866895777115,6.201662972621492,3.7773782390709814,4.487966584130958,E
2.5811239050043393,6.027663027204097,4.779905656805349,4.277999297142601,2.7397190315999556,E
6.963690644651129,2.7533249611282624,7.606193893558881,5.489907989410163,2.106266908156954,C
2.8048774326920367,2.4831234454478555,2.1786943398830494,3.7714336396002937,3.134201838384558,B
6.221199358535146,2.1937550422398138,7.984165633506352,6.97725549918184,3.6517978363576535,C
6.262460785095358,1.329434454525333,5.21107823435189,2.413783729212356,7.2365560869715155,D
2.939977576396478,8.296406865436602,2.1803764124072345,2.8824855165035235,3.788894209169691,B
6.305297025898383,4.08950265832636,6.618140319005237,6.639218231249435,3.140433492122512,C
3.8068251498539927,5.522571286920941,4.255237090591282,3.8893881736134754,4.795335682786857,B
7.055194174390487,2.4802513534319655,6.260545640804759,8.75225980459592,2.538316314537661,C
5.607220000811366,2.2779435549227403,6.999068086521399,5.621587507198106,4.591292811252346,C
7.734098454162119,1.4229146679703821,8.809068720376258,7.311628416714305,2.6590517881365803,C
3.173398280819187,8.157967796192018,3.1863515456811577,2.3850612201289554,9.788158849403715,B
0.9216608628264655,4.18044062504858,3.3335406123080147,3.385432095104867,6.207104040430072,B
7.4150461061175585,3.8290633109367476,6.971315760662698,5.315866875973862,6.712493599543385,A
5.925814068940724,0.8608477652673097,4.170812122478288,2.4213655495389137,9.021874978120323,D
4.141280920888234,5.940290710258807,6.321922356380185,7.544709803599496,2.719329888747018,E
8.06092524248527,3.47742181637221,9.194384932158762,5.621422324707976,6.825258800950557,A
7.295058495647747,5.939341214672138,7.203975103189977,5.803453268702156,2.6480978642713646,E
8.282407315157386,3.3530503661956255,7.39720732458769,5.409102857609723,5.222225403335428,A
8.085815725792918,2.768037904316583,7.7974002452098565,5.443033197909894,8.037768710001961,A
7.435088745307688,4.616196445102846,7.043869306972749,5.77999438358375,5.701569787827082,A
6.002565456687172,1.552991063668312,5.390833750738371,3.218740078474251,8.945216835802732,D
5.321924145244072,4.407172608909279,8.216031689569022,6.283422650101161,3.09680338904857,E
8.64057272036828,3.3969398715333465,8.341637680973122,5.1458877027320895,7.320390854934688,A
5.424513888090635,2.0642329403572965,4.961222921992072,2.01229689891016,7.672302174745064,D
8.62717155369398,4.613917324500838,6.833122534542253,5.160619443086828,6.852366474059986,A
5.8830878509257545,1.4762080520220877,4.9281562758345085,2.8235932606290945,8.141823954233548,D
5.5882829058214485,1.5492002946843684,4.584207759032542,2.243508767458015,7.940424923496627,D
6.090216622186229,7.559918705496883,1.1181154060889775,2.6559102250218523,3.8740904373271077,B
8.968272656145357,3.6908249163148374,7.256140616507114,5.051789079446818,6.994081207765993,A
7.6992468511413685,3.2358801465811413,6.451384126486707,5.386333396633562,6.924044667661337,A
8.343411223886482,0.9196123665913429,6.221074990752887,6.145215407823571,3.174667964098834,C
5.547780245199434,7.445648269466702,2.0719365082939727,2.293026730953179,4.139791169891973,B
6.369584470123359,1.3139446925391192,5.25729411988829,2.403397280581477,8.252907484152882,D
2.940906083002742,5.089362833116493,2.041541708858924,2.9835405448041,5.792029291985478,B
7.325130363960211,3.668206780183708,4.0198643030716745,7.643645456318518,2.2989183545608785,E
5.887889797239823,6.831078781536462,1.5576890737298759,2.737102267608183,4.781591398239401,B
8.014942787833728,2.8275207809303824,6.56977797715137,4.736164695512265,7.257623887533214,A
6.638511720659175,0.7154238383072395,7.379520566835834,7.245795215826983,2.8703874530025084,C
7.701895497442813,1.8478874844438717,8.859861662263604,6.030463749300077,4.300503077623433,C
7.3478640264006465,1.7996587138654625,5.866276950677958,5.533767077072538,2.3611024126361535,C
4.27654460586492,4.9280261375256185,1.4693544925086264,6.010779603403925,2.339202216618776,E
7.625318222013403,7.953887764698229,7.1382127238605975,4.399795375076047,6.115074091659351,E
7.799419583746886,3.2423347008707974,6.680238391959339,6.456540215989886,3.3464345096825934,C
6.945425640488155,3.475641294300341,6.22409951381884,4.185255965571528,8.190285226706823,A
6.504272134115887,1.2544900524060214,7.139698032812056,6.826561295881076,3.766492515881899,C
6.145670588287299,2.780090910570687,6.828824567009475,6.449824007847994,5.150907623221943,C
6.007255351859913,1.7154115320746581,5.907597900191345,2.9184646631735207,8.56126029316583,D
8.166441755264408,1.4786483893681739,6.654786414341707,6.734445326120864,5.804754684138188,C
6.4471107895016315,3.4672526606862313,6.4947521988126775,5.294506306251753,2.781559842495357,C
7.456033445065566,2.4405113532652734,6.933553616857104,5.3524750707432425,3.5243607946034508,C
8.290413324514116,0.5747760643051589,8.40494381876353,5.649679238969123,4.287082632536589,C
8.972303930027287,3.9118980604750972,7.517300099653022,5.278770902408582,7.415219542298486,A
7.071691979629228,1.700274301554169,4.019688051679751,5.826543395474136,3.183235033378778,C
4.256188972330166,5.1025125203306105,4.150548211355575,3.8884559034498105,6.829218303149679,B
4.423607829818465,7.0228068929010234,3.8758970965733397,5.366142883939707,6.028776156632193,B
3.59909329262363,7.191698658707704,3.0716371818770645,4.253677338604288,5.02821743621461,B
8.28813050377935,3.6728855744980495,6.347810631177335,6.484935571811917,6.885470510618704,A
5.222542139488627,7.089919029869051,3.1924110615007546,3.841808014639546,3.9477884820079407,B
6.1918466232295035,1.529749153869151,4.607818880190392,2.7035466885898645,7.994831300072611,D
7.4547612088357464,3.112342286995821,7.0225554960848315,6.312591639559848,4.218485658175907,C
8.118274422750748,2.3973731464025256,6.2605821897036,5.196165908798191,4.977753405643901,C
7.962425672353102,3.9122266332246407,7.1614374842566715,5.67761275891353,6.955170555856192,A
4.997118897869041,6.589503873473035,5.595487603521707,4.404671920358008,5.1816743141110155,E
3.835820720738921,7.2541733858491195,5.537433654421725,6.511785016214491,3.4689645292200235,E
5.734505976967194,0.391565826068927,4.471014618569356,2.669325955761467,8.012534108861523,D
6.479607747864156,4.458132645838097,6.950891640621853,5.011865278600937,6.576795787538181,A
6.061897033766109,1.157520758428452,4.618980960240685,3.0540010538400884,8.548027922923218,D
5.684361320163301,5.633633161093779,2.5103980587742485,4.2830471389307005,7.177314994423436,B
6.834355862909854,3.085823452283519,7.916956441408972,5.147298938506882,6.476629634039402,A
5.913378596816384,4.9206180612181125,6.217917528786975,7.237295798652983,1.2425214641866278,E
5.675556957003073,1.3318211278885217,4.769766283895645,2.985610719889941,8.109667637755653,D
6.2278802060693605,0.8415683606552498,5.262739382520236,2.55227882893953,8.506188907992549,D
5.672195758255674,6.34361307962885,3.3498654857942887,3.261563214641248,4.896644880270391,B
5.684405676613097,1.1354520423524739,4.824938302482819,2.8716593005852955,7.787879406378419,D
2.746906792941054,5.988943711714905,0.6378177919456993,2.377709663370295,2.580159467027162,B
7.202955426113857,3.0957575470128167,7.40675272531806,5.7421602438695825,6.053307421811321,C
4.701377484096913,5.03369281256791,4.111154796163289,4.845591271952119,5.011860133649753,E
4.725040887323512,6.629314434782331,3.485622642759618,4.422858713216439,6.17719766116355,B
8.599855218436208,3.150035340931762,6.900618195341977,5.883778473633721,5.401459119464147,A
5.295125879934564,8.200846219596361,0.9194921627134001,3.032652673554713,3.3569040395285152,B
3.575831950506359,7.027057647419318,3.6034547134962924,3.3779901758602704,5.873618078752766,B
7.430439532346465,0.3947892100785366,7.763848141276722,7.342990623347345,3.9541500783171806,C
5.373087353574872,7.099267846239425,1.8439608920616184,5.002695196924086,5.982596269389671,B
5.775382550737106,1.9736739527097882,5.256780831760074,2.755165759463271,8.361587327819025,D
8.087773850707555,4.06403392474603,7.044624977744631,5.039286654422412,5.5189183720590025,A
7.645798477906306,4.173168553692302,7.38775335461203,4.225316547732612,7.2937310909530515,A
7.831392839668583,2.853441287517765,7.057694054785859,6.963016162411232,3.709682631534707,C
8.151768593021636,3.3056588654933403,6.853070573028662,5.719624788988399,7.8421250779580784,A
7.884056643232311,3.747353705046493,6.187685157868877,5.618290115612107,5.735826562504238,A
3.0608660890500907,4.243109556063315,3.5497601099186467,3.2647534153567177,6.057421657496835,B
5.007176529964452,5.139931189672121,7.303615565351676,6.513622386010654,5.032199741734097,E
4.683315514279781,4.295186500025556,3.9985661724577266,0.6139322118227111,4.578831722528312,B
3.4049690506295764,5.258000657252206,8.923126934640013,7.940638742897122,4.958017997367543,E
1.9443635869367064,4.018529252736105,2.3443864194443584,2.4439788939394598,3.6575579718685094,B
9.084224483476596,4.0792607568265264,6.441034975198718,5.504721200186241,7.853991021333309,A
7.385975594750717,2.638021221138864,6.544110310619074,7.447363301834729,3.9178594871816026,C
6.292365808497086,1.6001845610932341,4.901655965850001,2.700218774306971,7.755349668988546,D
5.639095943156057,1.6435566516154894,4.027488253214975,2.795079272121643,8.160444883147457,D
5.4318209556250805,0.2328914465377534,4.02912348509936,3.1155653378248545,8.162057235222282,D
4.189893342827625,2.171550739244509,9.57218869311151,5.703040688456849,4.694350094682464,E
6.530402885260401,0.8032911480239564,4.653207375135459,3.001603903518296,8.676961347157668,D
7.157456999729049,2.8048106176416563,5.284632608462373,6.408568777845357,3.6595405921662882,C
2.744373538638631,6.051097549287134,2.8478117940562298,3.7251464633571865,6.886013123543513,B
8.001954997902319,2.8689786969271864,5.410560284315807,5.830386620662462,6.10980451634637,C
3.2244028934415923,5.861790518520929,4.7274724510276895,5.732030472660671,4.115153257004206,E
3.205200887500995,8.445738766033205,3.5019967374992556,7.575802316151405,4.248675869830309,E
5.31699771912349,4.363093029695176,4.701858887082529,6.373246238154839,3.652586940320557,E
6.233183179083899,5.972800987527636,4.542491698002523,5.5824457388182225,6.583806578072046,E
6.4186968387376755,2.056961195836733,5.904717321311309,6.616526083591827,3.2057891009103403,C
5.583445379577515,0.9415154235384815,4.757893672574028,6.849187875479867,3.151578405419573,C
3.1711167206207356,6.1737497754427615,2.8767309240599,4.04784287987669,3.6027687239082855,B
7.931601412523611,4.602183505815386,7.595554631128967,5.688951509165537,6.6330079259510555,A
6.159148882080209,1.9484312847767955,4.501947616878451,2.7989767107079846,8.042172646433134,D
1.271245425641582,5.268697995671418,3.3303738141875687,2.4893169964090776,6.081891494108556,B
2.3682216928238637,4.427686025687162,3.797590800766713,3.3084697958516047,5.5514968477473134,B
8.523161033374384,2.901887765213457,6.329972395329213,6.47059428107975,4.024049525495446,C
7.213007530355508,5.716457348467859,3.434312212466967,3.0267888310468996,7.28801527218187,B
5.495317717546865,5.723004787745978,2.5758166643195053,5.494592408766736,4.494810180966375,B
2.175526229588692,5.441639869506611,4.4950185530377595,4.691581137665789,3.627055793451661,B
7.9138004435832805,4.038965042011509,7.77933870000891,4.427061511768453,8.130421606121056,A
6.127202452718734,1.1780092685886907,4.666177785483055,3.1519199468268546,7.293735565368436,D
5.528821343761983,5.430850142054659,2.8400963137692092,6.60295052264601,6.04200202276734,B
3.665796515968799,4.877633129240534,1.9922051561673562,4.9699063486375366,2.107023469871809,B
6.289248451695049,6.193788345452068,3.440356610431687,3.8443186268397693,5.248893209399907,B
7.703845399917441,3.481667167202668,6.30952900754362,5.530945239091766,6.170280090658254,A
8.175306596620654,1.6023444161953062,6.35207270271583,7.0858870245924965,5.2017871259949215,C
8.280745031249118,3.20992734616687,6.286553910091194,5.5031738107916,6.85656249703311,A
6.5436538331740275,4.464285933916626,6.824774216247302,5.690670193926368,6.887438060650322,C
4.690864981443767,3.4876617612380585,1.3286006774632995,3.510866576636175,4.592836662541741,B
2.3601453225313023,4.839868957731131,3.6246993196581863,3.220842807540691,6.019754174293935,B
4.0667536188930145,6.54715599417982,5.698695201323278,5.311410260925435,5.348699023173266,E
2.216123220359993,8.42064471530586,6.905229137814656,6.342133231961488,4.346515472078746,E
3.1368709970954387,4.32501582215886,2.57570415261969,3.0788002851129224,5.594197556218981,B
5.380247038028813,3.379843085525845,5.338311586927632,5.763631087059255,4.946939131362303,C
3.605853328022015,7.348744170401654,3.364766538018757,3.7125497962554665,8.979156120339344,B
4.869872180270482,0.9208897784412184,4.567057308012003,2.239127704520415,8.335924699922689,D
6.933048407052905,3.1322123342993504,7.362546819414405,4.72948560023901,5.175227971066971,A
5.756361761230435,2.2127700724602706,4.5757672712567246,2.9827448801925236,8.294814564019614,D
5.345309146533291,6.965029137324426,9.668912618874236,5.569646084385326,4.258017215501862,E
3.4559074777580303,5.09937734699004,2.6540069329787492,4.5676199149477865,5.585589077244959,B
6.537873376667186,2.512565235305029,6.463899244862886,6.443433727717025,5.7172469559965835,C
4.206198774898935,7.537440167473749,6.053398890444901,5.059374787640134,5.280204375825396,E
6.739884826819194,6.040953000345519,4.723234759581772,7.746820739932497,5.192947746030373,E
6.3896493414879805,2.667228724330357,6.196889560967857,8.0019688332033,3.9676910561891403,C
3.0485308606665065,4.993778214374925,7.145074496654557,3.8810499007364054,4.797532960867875,E
5.281296373598436,1.6290926702047792,5.216308523366597,2.4572313451541845,7.00685056842268,D
3.215324290413795,6.848703334033864,3.5581087480319784,4.246933103016113,4.105764448282655,B
7.586189325517795,2.3300856201316913,5.107382243390104,6.034088743148004,3.3065058035343333,C
5.718079511083903,5.033598622484923,1.8197683218534881,4.1090203189848,6.920430384232752,B
5.4455015506355275,1.9659992945312543,4.838773607718391,3.3663014561626707,8.376282007596165,D
8.409487759527718,2.0541682491537747,7.252672641586537,6.531585455608955,2.9434348787478433,C
5.56199539512273,1.33685048602557,5.478910846103927,2.8516057203397835,9.45599184267246,D
6.2716171216821275,0.46258359822372963,4.7888572059211105,2.8959267997705824,8.09443682830765,D
5.091452197642911,4.860411558739019,8.500316168467842,4.395823440576494,3.29340381063451,E
5.149273099441953,4.101844329249714,6.8135666180523184,4.697945178273275,3.591626541147228,E
4.2668900642036744,7.043252230028006,4.906798574576556,6.723788721935758,1.6176687711738849,E
8.769686700440737,3.4487414070659996,6.559023935482226,6.295882490282446,5.912008601690665,C
7.805301262922129,3.9277669073403563,6.383900183388848,5.660907822101917,5.3995754885747935,A
6.586762460962136,1.5035305713164817,4.079671872466259,2.814893185273,8.150775604825467,D
8.873145395165027,2.2889573340325313,8.76959578866979,6.515699747228866,4.799769788758534,C
5.767325895246811,1.7336505920756493,4.518948810005355,2.4929030820899305,7.992906973120328,D
6.442618870424134,2.186764052382849,4.703925785124039,2.8580840818960196,8.123776512183689,D
4.815823245091616,9.216368698940128,9.139451381101381,7.8476014517347945,4.300962864316892,E
6.67863416184308,4.69981171940751,5.828587159671122,5.336658460400642,6.482190560245057,E
6.891060926485604,2.082890492680968,8.682443708635738,6.614240951167218,4.669313442775364,C
4.1582926404765885,5.494701542802548,3.0945991981029013,4.705278938679802,3.887113709675389,B
6.890761655836049,4.7702257431019195,6.86830765925082,7.177824126681555,5.487072679918597,A
8.583984544863107,3.4455971376258847,8.754969660132485,5.174325926393168,2.9356321924121076,C
6.388335882336911,0.918817412492785,6.9929222673790274,7.401821199550119,4.7190014118287715,C
7.300268174762072,2.7433933596620452,4.929831216708577,6.822119423556739,3.7355194310618844,C
7.234109144309558,1.4370668762474987,7.88475689780142,6.045760527775191,4.396150464182403,C
5.373988306135353,4.060676470356129,9.656142101490513,5.831971874291745,1.8328767500019545,E
5.462193505421871,2.7045459823837814,8.615624184774397,6.5402442831342436,6.342846428392301,E
7.799597092853773,3.341909624963732,7.2350372600297055,5.37207230155863,6.449545255954851,A
4.645741347702378,4.685200204197258,6.920757386660903,5.483903642400857,5.526177127470815,E
3.4300005350532787,4.937394314614058,1.7797108137830553,3.293147815481089,5.350024257397432,B
8.349258634024455,4.613723427022267,7.786364448355247,4.976900589567798,6.902991327444318,A
5.886316370469842,7.554229776010413,0.8294619976921478,2.765486753958066,8.220993374818631,B
6.117316188916403,1.0787410409191551,4.1606698347889015,3.044985624646425,7.6075200116861295,D
4.6990087609466356,1.527848661863696,4.578755459072307,2.277622849211493,8.047623120434462,D
7.311259817169742,4.947527874893643,6.117460152355322,5.535959467637945,7.911915761872704,A
4.643910699693694,7.762717048560027,6.818178304709095,6.975674091458899,5.246306080216572,E
5.538466967580023,4.18416139203411,0.0,2.853981671291261,4.021429078801085,B
7.208584192586683,4.421251011448127,7.59999997501718,4.88136288739877,6.822732391158641,A
3.1367568391882377,5.9705726426545525,8.475514900167367,5.251911164887076,3.343568145549661,E
6.367169666610454,5.432801315637137,7.9239357919332765,8.502145963772222,0.10231881325530967,E
2.8834713854965095,3.9901163020055805,6.356069180871325,5.83875097850958,6.008619846108884,E
5.563351159211279,2.9552751884593516,9.151763338726358,7.296540599869811,2.7902799946492287,C
7.5597385571970594,4.710839465492537,6.451614737140684,4.143704893568529,3.5328914344293456,E
0.6518497429141652,7.370299946583507,2.5311768363034415,4.297433264607938,6.741277031346778,B
8.043912119533035,2.2372502578639955,5.7671575119984615,5.858098828846318,4.4052962050706554,C
5.625267683716155,4.593492900901698,2.527442891977647,3.9339499351569907,6.331453995235041,B
7.949134601571943,4.293808055909742,6.22621097279978,5.413894648912925,8.099085093371755,A
6.436773612138277,1.1984833067240093,3.3801697585478525,2.4347940535950396,7.532363028764533,D
8.696668067119088,4.9215487596741925,6.091525120956929,4.745592512141236,6.6025880667527375,A
3.9481158830734073,8.367876675605423,7.582559579804741,7.125826226763582,5.121448322476325,E
6.924071669580123,3.60253158518152,7.357247739072834,6.804366947650189,5.487425659331717,A
3.9068884112571896,5.539480325268634,8.503547079324411,4.754150648045678,3.4936325481009836,E
5.0493446802398,6.0691803410676055,2.8666600288761543,3.0411196064196235,3.928771907402155,B
7.129478745957391,1.0715558624311927,8.018097885529558,5.851236834812685,0.0,C
1.049897102326443,8.69804650007444,5.725340233751255,6.100358104242336,8.3737373711026,E
4.855902762218306,5.7138316291418985,7.165116433146133,5.478294085282628,2.750647506967229,E
7.069584624936384,2.958388780196394,7.029833685401163,5.8049791481789,7.310268281164137,A
5.7585380219973015,6.401651587079854,6.528523098702835,8.069217268425584,4.249236293857402,E
6.057703011064952,1.2638061558954075,4.15446118663599,2.53457470969292,9.070784269027836,D
5.549209180002163,1.8619552692273467,4.437207943259562,3.383315369360516,8.333554972930678,D
6.360950220074903,1.7242264218544796,4.797083358590744,2.8638806707510307,8.438774716141628,D
6.7256124204000995,5.18085637107299,7.496076339269335,5.476097180311312,5.926681975649213,A
6.043198305594585,1.1966023356953572,5.49336160449762,2.232505768443888,8.167321874928849,D
7.58153583011892,2.9555122261807907,6.807095505802785,5.406845455882251,8.031058934899002,A
7.935421974809827,4.280396788202673,8.302669220166354,5.3862055098671515,6.204712893747744,A
6.0020367779512735,1.153732212124972,4.3566373303309724,2.5761157912957584,8.337029007323173,D
3.249701079237244,7.066963114946876,2.4114741605442336,2.2725139256354003,5.432029673867005,B
6.132696028540474,1.0526736123302274,4.879847082992212,3.034774843036284,7.422141719939933,D
7.620162637763907,5.233902802628979,4.453142314939217,5.201955768356717,3.309282642193921,E
8.135816376506362,5.168534802283053,2.7643518888657863,2.1253631590546265,5.546902199235657,B
5.844708650688864,1.1734695094301806,4.756194087194909,2.6999315842819938,7.999354581333345,D
3.557928692999937,5.304618552512741,6.3043343437962145,6.170740869687944,2.592524356411277,E
3.9444314730676027,3.42843552361345,8.13279233591036,5.744064493990342,5.62769938254422,E
8.095892171068435,3.634490386533253,7.315460893669142,5.4132497288551535,7.45233890032787,A
8.954592849933857,5.586110150329558,5.221723924567573,5.8802076658948605,4.782006325118612,E
5.14853336339341,2.818517710133721,6.206762267159582,7.7054447738282335,2.9936181231439036,C
5.108626815752951,6.643348628230238,5.780311440852144,6.240216473211665,2.4374948724784815,E
5.898258241653195,1.5969000832415499,7.183752837388138,5.394070506887942,4.69343762684833,C
6.75678296979062,0.8399806032317692,6.908063302288129,5.106284813562415,4.888796995474979,C
4.287658355346849,6.032997369177526,3.7574419745150864,3.2038853090668313,3.7939132617909643,B
2.944982566534328,6.766943015127342,3.7661277993088706,3.428999274619785,6.608723664897334,B
6.573642417646069,2.3242734638844604,7.730517754953803,5.931182746722552,3.757702421080455,C
6.495815860844305,2.6574983105697183,6.659363298344024,5.4141201649268815,7.620279139983742,A
7.948359160609561,0.5415270337694844,8.1420167092382,7.518348381114221,4.870370415695002,C
5.2086141945893,2.851648236407117,8.110858639846025,7.197581577887126,3.0609094505861183,C
6.698477742919822,4.005773036255338,6.162962029422121,6.0285511795423,6.645820611990213,A
1.5243808721168954,5.4592522294934085,1.6439500213849927,2.679068048524482,5.655726341495456,B
4.00896551624418,4.54229238869963,6.366767474461156,5.15149696312508,4.94211608989068,E
6.731226835068238,1.5392165488468899,4.1507574855204075,2.416093658394504,8.195798670488008,D
7.912480017409198,4.8664135509722675,6.949631711483516,4.78900565519093,8.435880977150733,A
5.562789806400455,6.2107576307255155,6.118993159817606,7.527007756900256,3.6171450220807904,E
3.038720616150702,6.07031890822204,7.245821734068721,7.287723591734146,4.451491695618094,E
6.842608357771801,1.2472708675315873,4.26197064306499,2.1804192246790155,7.893911110927223,D
6.056049946131769,5.772345612522289,2.6358916810537227,8.475765733149366,5.594174289090325,E
4.793668344836345,4.570985812627668,5.920318144084279,6.497030428541917,2.9099414966565718,E
5.801789943770486,1.8701258322709078,4.963650620068166,2.928226717197036,8.411378180236268,D
7.991710952931916,4.226926195279614,7.959611241924367,5.395486086076254,6.2002087299549355,A
6.6731809091601715,5.716385322402855,5.735249563074914,6.143874564708174,1.1669305982928462,E
6.387986407024563,4.062344667258113,4.641423924090244,5.467820271814811,4.207692980390152,C
4.850411497244687,5.838555926149288,2.44178321946933,4.124485362697452,4.833026623618832,B
7.740095679438938,3.747175576317665,5.561567802278813,6.26023980354363,7.597454360266168,A
6.818424490425094,6.3220304644480985,5.943441113774959,5.8361644398714825,3.7545073062786343,E
6.103303363655261,1.5112764109467398,7.074087917462524,6.26942577645376,3.713130116450022,C
4.6946743675889655,4.6712414508788545,4.506372296208849,4.2973895884869195,4.3287119199896615,B
6.97811555827138,1.8410500374250918,5.873973081854018,5.465288838222352,2.524786258720918,C
6.186188023103158,4.560775140553166,2.4084573003373895,6.127000736498472,2.545102203939478,E
8.737825748319764,3.298531106038352,6.29339184626098,6.180594048692482,7.389659847224741,A
7.980375693987363,3.6122531170030143,8.020034684025099,5.29160487763597,7.866614393648963,A
5.592411225465871,1.1679753101684867,4.455742333582031,3.0832833748378605,8.603400698449644,D
6.940528586327323,1.5909895880184237,4.135232507785206,2.4993617869910167,7.995952554322862,D
6.3318359439819245,1.3820607582270248,4.3386628253521105,3.1846457800849604,7.494067437743709,D
7.514629075567915,5.393959430180205,6.171535350313357,5.183959447356803,7.74901330042818,A
5.194211983410918,1.7626166392634302,7.862567197705538,7.1017990594291565,1.5798817102072436,C
3.9978797303184592,6.977147613298236,7.02014001998462,1.5182238172988658,7.343933297562257,B
5.5072693045741365,6.61585687159798,2.6103991879271247,2.550531020554715,5.712476118727081,B
3.6383970854174534,7.585379173723495,4.105408294502276,4.2074051228624745,6.261501515808174,B
5.603516669099729,1.6260493067516752,3.8629189030658497,2.9187523280586203,9.737348747895133,D
3.8314358444416965,7.404150134971406,5.15159596855713,4.1401315140582,4.491721421969501,B
7.325707279759984,3.1930484515229893,6.059327609160787,5.704664471319171,4.0432995588057254,C
6.976251360281674,2.507714533491497,6.376699763995697,6.222521861893998,3.8744446718421903,C
8.51684798944563,0.5877927780638523,5.9601405979945286,5.800187969882871,3.481153876771179,C
6.7637451996527975,2.0827289375934415,7.484035907953249,5.14128878451438,5.450938131652181,C
3.8628584220865947,5.893444365354622,3.4712627921495116,3.0676783931231197,6.932456324565019,B
6.173725258081609,1.6403088577284466,4.146740151308681,2.7142329304092847,8.528274239206123,D
3.9547715282055615,9.111225564208738,6.6611077219009776,10.0,4.955682074706128,E
5.38736977580425,6.9088882074909765,1.916480736668789,4.042280230336289,3.4712118763618856,B
3.732593638936686,5.1269772714857265,7.624598721810299,5.614073972909528,5.131016375598755,E
8.111865655940543,5.1954986401492995,7.182130663835843,5.652090247080416,5.859414680889223,A
4.635461454018274,5.209711178463817,2.056534221265812,3.4989010819189246,2.987896036993454,B
5.775504718682727,1.6007593547580203,4.669324379531186,2.6987176292218966,8.673129103447188,D
5.683961048330132,1.1171125438772491,4.325441277087612,2.535032038923966,8.171967935436355,D
6.97210520768405,2.818772423241374,7.770405841781988,5.724363511303574,3.6487853906558674,C
7.185174900727537,4.798140628423026,7.448489626123731,5.300116132999093,6.437268432485794,A
4.3145846764446105,6.830207487919578,3.799112715454261,1.837707255465125,4.540281963385159,B
6.141615440680421,5.891067454534165,5.78946206930134,7.2526676914577575,2.3289745873116963,E
5.753164900217867,9.016437803447875,4.433078192264247,4.705480650218829,2.402074027515193,E
2.9704098623053197,5.4579465147342585,1.3124391803474076,3.7054344983294016,5.690474407554194,B
8.065324312167474,4.759819743583547,7.7624359866046575,6.504944954609035,8.797542438189897,A
