,Class,Alcohol,Malic acid,Ash,Alcalinity of ash,Magnesium,Total phenols,Flavanoids,Nonflavanoid phenols,Proanthocyanins,Color intensity,Hue,OD280/OD315 of diluted wines,Proline
19,1,13.688401877565303,3.1029605504567264,2.533182538145352,15.407773314637819,114.45272530087743,2.694808652953593,2.9887348579891926,0.17465681060154803,1.6979969314921162,5.040322317815103,0.9399646507420334,3.3652281394290413,855.9254199012662
45,1,14.198905798508628,4.158808644579587,2.4364183361928213,18.786936683325877,109.38208892000539,2.828775564516724,2.603345489411135,0.3040396515241987,1.1885856145676963,5.331126661423512,0.8856515955931645,3.33186651818017,1075.926137054575
140,3,12.829103310192588,2.8304917607437887,2.7010747638565547,21.16533581887187,95.19717982281867,1.5456668982649024,0.5460206946936863,0.5298415804883179,0.7102688622780362,4.761251515497159,0.7932640705494692,2.281187934433375,619.7829336328504
30,1,13.743129681867774,1.5460327516529668,2.6573115934362375,22.049776949448244,101.73016530662193,2.969183649454933,3.2207330305694386,0.28907613736331583,2.391052025715395,5.81867039132351,1.1843162189705878,2.7388966280383777,1279.3161516932548
67,2,12.354970374839947,1.1597556491929235,1.9180935441166267,19.5554033631394,77.72366835095846,2.1386775993819613,1.9093663101645777,0.26792470652645206,0.9952768634106144,4.453087285236865,1.1194345689026193,3.485550170359436,504.940302299667
16,1,14.289012799454143,1.9230813683201282,2.720787907328574,20.121859162615248,119.2595960366725,2.8180759843929835,3.1588101527612333,0.32991947641751906,1.932769284301495,6.214749264839389,1.055896024011393,2.6422281531261382,1231.3305529150239
119,2,12.017211580408274,3.4627464324574246,2.009622814125913,19.24640435603569,86.07437337836318,1.9856895783254436,1.711788132466746,0.3745744311987043,1.8532694734034039,1.4005616019736171,0.9300675583679938,3.0380396017981495,569.7345733134717
174,3,13.39368968548266,3.916380398287896,2.502526675857168,22.841216001893777,101.03316099879807,1.787095483680158,0.7866441431670148,0.4257788670403842,1.4344546160437315,7.145677035152454,0.6941488252561062,1.5638159112746184,731.4163510382126
109,2,11.6181676755436,1.253992724686074,2.71592032474803,19.70846358657966,92.22101596298104,2.7479898063080994,2.891402463008491,0.2905768818401083,2.4298979145305593,2.734807160823224,0.9587438201875694,3.27113635297814,672.278888836349
141,3,13.283152032538561,2.6247953625408798,2.3383991983885855,19.94941737801099,87.88919583488534,1.3768421858474207,0.42478512468079277,0.3640712534305463,0.6453984580805479,5.678226403608127,0.705033878167446,2.4665881610324196,765.6124006647947
24,1,13.464163841278245,1.7788742359047707,2.596229092378782,19.781668712497105,95.015068166697,2.582547423599911,2.603635691900854,0.2747312369648764,1.692744957124744,3.3779430646648354,1.1064928106202208,3.742672215717809,839.865433818758
150,3,13.553350432069053,3.2268326726657826,2.6308367323089823,23.971086886654472,123.62801337754057,1.4103798461320611,1.562452788178216,0.21983602331507518,1.243820236892802,8.697772068424747,0.5855497205274394,1.30046111655342,506.22320082764844
41,1,13.409295069428557,3.874754534745958,2.1097658670604886,18.798709229801542,89.84753479110512,2.4614046313901268,2.6340599384711276,0.2596111625560427,1.4683080817219165,4.311960181401709,0.8878134885121285,2.960647539718053,1035.1562047139437
118,2,12.706406824364372,3.433591204231371,1.9570353898423882,15.744085861230822,79.24046194442394,1.649761907330361,1.2761191681262962,0.4409209606680651,0.8427361496571067,3.4762247456381328,0.6956336564054065,2.1142819449577805,381.9491708928914
15,1,13.589243790291446,1.8322299532892339,2.744396450601591,17.356061187361508,114.1249449349737,2.8331955650519682,2.9975300961393647,0.29367678223897575,1.4539100796287303,7.186748188388326,1.2788507609277209,2.8416553957819985,1327.7441260889107
111,2,12.482281725182679,2.4245100068386862,2.1641894562516586,20.969500504687296,87.38921483953706,2.5815812894717585,2.2805362008075227,0.2597875308829203,1.2640788430653316,2.017595952838726,0.9028164838282513,2.7413296145623303,319.82948096777676
113,2,11.413889211936887,0.74,2.488283997783724,21.209609214587037,89.07373468123295,2.4833214676202484,2.017606572211745,0.42619155392562935,1.4047682075153383,2.8801882334556916,1.1029467914464675,2.3437188257391948,427.29048726693406
82,2,12.063560847339176,1.1405044720210573,2.469007167948275,23.642088383382557,79.4914198731647,2.027554218658966,1.535575390485277,0.3954266017046224,1.3983628802812667,1.9331366304771267,1.3211182498340635,2.7112614889202185,643.4273417043414
9,1,13.834951072507414,1.3947805176396453,2.2859212191274842,15.802664718914194,96.55563648935525,2.9742593593295186,3.2162374569250614,0.207795705955413,1.8565202580862539,7.236505091589052,0.9910621018129382,3.5391711230368617,1059.5394029881338
114,2,12.080149617568393,1.3664947947185646,2.4815255996836045,22.600233845877735,84.06804592694768,2.5982010685752046,2.2864381664932054,0.42764178747133924,1.0280030065564674,3.0289900395124256,0.9117187925316115,3.2031729065330206,395.3830839708047
18,1,14.208154655778474,1.5585147994557425,2.4805352044639184,16.3449725492599,107.52386904116443,3.3116389651837186,3.9025571417037965,0.31536345198559657,1.7689803395842485,8.729644194631867,1.236506182617628,2.809882878720122,1666.6504531295143
66,2,13.100156911499921,0.9920122747696322,1.7181132530228926,14.968080082338359,77.44898955516541,3.0432927037011357,3.183018829859087,0.2479352204044624,2.2748993144148404,5.2925641213057455,1.0949207762928335,3.2374339063150783,507.9256240183325
60,2,12.30816105011069,1.1481717613486428,2.2618185781575595,16.000135628806092,101.51094667146235,2.039283873112155,1.1123709671958895,0.6315099164306327,0.4385356104851252,3.248021001129569,1.2522545926088915,1.6625465605321796,681.534777868743
169,3,13.383983067627085,4.673499042521596,2.8614863218489877,25.030701660304953,111.42695914329057,1.9859319324866316,0.9665988103697684,0.27109759746983464,1.1346660612001949,8.389531336122873,0.6554823968430443,1.929967923747136,644.7564557577223
171,3,12.782913196639091,2.408317903944289,2.308494824570624,19.36855215472966,85.54370847737965,1.3600842888407654,0.567171670954786,0.48605433020905325,0.6512464778847954,9.873996902075191,0.5893456200832813,1.6565066983465881,461.96833330468075
164,3,13.779719554302105,2.7894144951822075,2.254058830036653,22.02896159331366,89.84533429602473,1.3346503511111598,0.6982002515907213,0.4040596414627419,0.9951977632403296,9.629421419680593,0.7030805646150516,1.7237415130590685,591.6341237180782
117,2,12.449157279870843,1.5781371366223853,2.1748435406614886,22.348186521184513,107.65647267309356,2.0179419098875893,2.0765411581641677,0.3315245766218309,1.622531309959934,2.0089919543157664,1.0573043809575293,2.9397432324965465,354.6771199413314
65,2,12.326307882055213,1.2543637852875875,2.5430850667731817,18.230810410936876,96.92031540954885,2.4527504086886456,2.6690165110538944,0.3678443676598531,2.061822021057111,4.687968779269553,1.2051009667888117,2.2885895963452048,642.1316752667354
90,2,12.050537227973637,1.8579178927295328,2.3165048742081202,18.477720260220295,81.73223398445968,1.685985300199901,1.5236827985933703,0.5195317839072519,1.6512054081185727,2.4229682739689316,1.0669201553191774,2.304796358195513,469.74418207737347
55,1,13.589379352523792,1.6940675253288693,2.459106310593115,20.53007710497753,116.964648463427,2.9571977617079264,2.7185517814268936,0.20488315289582845,2.4538517088614347,6.287149987763043,0.9692570615007199,3.0521147009006384,1105.6547989313176
29,1,13.98953054195271,1.5895438164362519,2.1901543887638986,16.498565806899926,96.3161291023724,2.6229368111782776,2.3844824951197,0.26747601042652736,1.9490489039003172,4.8041512747161725,1.0244841055460423,3.619352303043749,1020.5603159139014
128,2,12.422592597319442,1.5682391527233381,2.2877632184276866,24.285221735807596,87.65357156105952,2.24184644705094,2.435737149482272,0.406436739409709,1.8717091498923861,2.0582642632928354,0.8793600175159074,2.742634365960821,331.49857877720956
145,3,13.21339780162337,3.5361383419540307,2.135540693052532,21.269384960193815,101.3512061225766,1.467293010605462,0.5369496792058427,0.4314656814345311,1.3112542118051622,4.077279404701111,0.6007517219952189,1.7222603932821257,847.0675774479179
31,1,13.632908378632692,1.7187940282779868,2.3534402411152673,18.584085836732424,105.35266954210766,2.8763640442527754,3.2256152217874,0.22423734604357198,1.9429907148793544,6.854704928738069,1.096075608025523,2.859213574068325,1526.5041869744693
12,1,13.716535648895869,1.8085747046574698,2.4140807650983316,15.596794928945725,91.16878625583008,2.5854345842303705,2.795415631629904,0.2866053847957233,1.7833630786481691,5.639791097503568,1.1618254867300206,2.9052495983032736,1316.470735838465
42,1,13.882922008046215,1.8677603955010014,2.6070275490883392,14.759315824928612,101.8628112374413,3.2561362541410315,3.5267805784217474,0.17089249452011882,1.6707462829856594,5.354315597705394,0.857555894223121,3.5559535154417445,1110.8934010754638
158,3,14.321249565676274,1.6593594831497724,2.719734689635418,24.77155949713666,97.22709872770334,2.831640336962775,1.3480575367001055,0.5236861622617747,2.690368562118837,12.893265511936814,0.5678860852665014,1.9360174185622376,645.1065938845675
137,3,12.565080179116993,5.523238126632206,2.6522229606869705,25.039518148838937,96.15152200124217,1.7867887305566599,0.5734347576193966,0.6303322326035005,1.1497089219925674,5.010766548190004,0.8063695762663531,1.6514377736586066,498.20006693182484
98,2,12.43485098823978,1.0706146133591052,2.083656683965629,18.556229399248682,87.66646777690859,3.5470534934455302,3.8362477624135165,0.24046982749620946,1.933323326378881,4.279054553903125,1.0374749687746965,2.7223929464159218,672.1076251626372
159,3,13.513196397794145,1.7171052646490883,2.6399383662898788,22.450564673935762,89.53709634606379,2.6253215979099553,1.0607436052880028,0.5291272816101303,2.2895555806372343,11.71527745562076,0.5987102120355625,1.7832492024852735,628.1265980751035
38,1,13.070347485138125,1.4735266824644921,2.1443999598453076,15.470923674448082,98.50001917456619,2.345934385679036,2.6513512316848598,0.2787863908341017,1.3732221239197575,3.5117326149426042,1.1835898996726002,2.6483587888366267,1013.5471071098018
108,2,12.206109506720365,1.3380266351817185,1.9589717613532525,19.10238636362074,92.99692088159303,2.3338535783649683,2.0029323640105794,0.39047722703956245,2.0441464633897053,2.7913262288215552,0.8710634191451234,2.989046834254128,296.0808382703522
85,2,12.694665295839906,0.9678952252277904,2.231762564749065,18.161645432258425,98.21748805803078,2.1547076010195316,2.0453557728210026,0.3012558955032738,1.4041182102621865,2.743072961863965,1.254116502647581,3.154047620525189,470.46544088803194
68,2,13.293530805606338,0.9832111203800334,2.3895841140214227,16.742651430874705,110.09635647474708,2.5880503759733737,1.2413272872502708,0.5475894523257913,0.41,3.0687449168494814,1.0338665063910495,1.8579605279429048,725.8841622357116
143,3,13.640380769230518,4.9362853526082,2.3427431061507886,19.929793151580796,90.39133677383907,1.9969436341623175,0.824854794219788,0.4657467885139782,1.02783235287646,4.450198279201894,0.9044906518998501,2.071266146138801,541.6100683864832
2,1,13.125241744612072,2.328977409044836,2.657500883192729,18.586499574354878,99.84324692360546,2.8516440471760323,3.2051652463537526,0.30688370002168935,2.8127683945359183,5.785378705644174,1.01430726533519,3.104210053037984,1188.2046429158008
100,2,12.103580832206546,2.1767632725759025,1.7261001872018642,17.594151303332726,97.81337276963444,2.1826443838642824,2.153215297795365,0.25480113755231043,1.4222662882420887,3.405769392877209,1.2696292254848935,2.9578877337166154,735.2663506142088
122,2,12.413884379679203,4.4839004903768735,2.7055095582767774,26.350102574398946,101.1253709119071,2.183389715688093,2.1514976933195213,0.42296203422005746,1.713066971670204,2.1051336377414764,0.9130172188541102,3.120410024886024,370.3710649732665
154,3,12.56524595283889,1.1993225179331581,2.064212359248982,19.98269109193483,102.22636390579598,1.5032144490112131,0.6380453023434791,0.5336054065102661,1.3965272874604262,7.686060507975807,0.5612483881745841,1.5646890849609634,646.7338712352464
51,1,13.796350529794504,1.6273932603034307,2.617602021609731,17.205816825098267,93.99238417141396,2.455198963528374,3.066948997052975,0.22613641866272724,2.2708528108848736,5.52389837024293,1.2429633774666604,3.368862114094756,1257.0172405239232
76,2,13.016443689020807,0.9609690998419959,1.7105178204212232,15.863332799928852,86.63918014837881,1.9654529368915903,1.9571486666947522,0.2376075288147166,1.4880420352386474,4.609741952974963,1.1932704014661297,2.5350888874126474,399.9700927583499
56,1,14.24113262834429,1.6394489802577958,2.3023817344486446,16.15870686091011,117.02403934783263,3.1636395612199957,3.0126914080348755,0.25768891651545567,2.0008619896025532,6.325255480724121,0.9617601354132383,3.31590545086682,971.4764366787248
26,1,13.42966670321491,1.8089963234738695,2.6132413929027156,16.119156680861643,89.79765587754072,2.889927301293489,3.0091799968003787,0.34149748068836605,1.414800335301716,4.7140000494723555,0.9155503142533072,3.248763618499352,1172.7297271433458
153,3,13.250005030130719,3.3337530388355714,2.275540174029918,18.47471304167848,97.19939461722797,1.8225334667769615,0.750116261502684,0.6062483808132612,1.887975659901203,10.52422662948024,0.5634454930843242,1.490249465317841,686.1169466459734
138,3,13.54182768792785,3.5546231831485486,2.1814333448170533,19.597092638767602,89.10917783171661,1.631647139659253,0.49490177761819976,0.5758569236407566,0.8377389132522791,5.740730560085726,0.8018145293993104,1.8232966608089725,593.6049153256529
104,2,12.606488183218234,1.729553857459962,1.9682939322042428,20.29566780819487,85.31568424693552,2.180117301848628,1.9199012280022831,0.32466184071632775,1.5565488746574787,3.0763632276043245,1.0507399839975298,3.6122486635942894,683.2631779844727
78,2,12.317669343602502,0.8842451019193078,1.9428582788417041,14.731967783591516,137.21796481948422,1.9093902037005723,1.869649282001602,0.35321779483415316,2.7625357901637244,3.4310762277994296,1.0584672011068614,2.3035109230959727,750.4672575178346
36,1,13.27217706475037,1.729583834738276,2.8322684618341087,15.455532085998604,108.95872914923793,2.591546790609189,2.6433927891995253,0.346949142097486,1.371028623887499,4.675234258697493,1.0755771232111113,2.7852480090625296,866.594400098242
93,2,12.235278424988016,2.814359919034636,2.2045054834819497,18.15788959817598,86.49175543374906,2.402135754908905,2.181951667542683,0.24336127823446288,1.9643730915626085,2.2265647879048456,1.1498342965935184,3.326777299161453,278.0
22,1,13.755247635732319,1.9006729403996387,2.349805335972494,16.417559727733828,101.42554466843573,2.6085377373000767,2.789318755446514,0.26733694881937375,1.680006104437543,4.114979027659683,1.1148034316400497,3.979737134098768,1037.2018915477283
146,3,13.929377078942052,5.071060371878657,2.1831983969449165,20.04552248900009,80.22082091867024,0.98,0.3862805993941037,0.4014902516800281,0.6664717993948295,4.687864202336454,0.5831398626651868,1.270989402900386,430.1688276775667
97,2,12.257048446070115,1.4787087678778592,1.9928028091690817,16.04903456846235,85.28110997474708,2.5808096437863783,2.552331929069311,0.28509420949619585,1.752823830890904,2.8193741508066825,1.2428645296005991,2.746977160746348,441.9573652165448
69,2,12.233470352129425,1.1680748476107303,1.7572977361299849,17.119401065079916,151.85835691123853,1.7852016331728882,1.2943472855424099,0.14340094341691967,2.5200648875228615,3.0227593693516033,1.2621889066238996,3.0969906683234734,729.4413412643818
167,3,12.866248690285245,3.38031343001289,2.298412204832328,19.304624663324585,88.38795012999928,1.4868207950367862,0.6346813682247843,0.4064905235622996,0.9557484395882586,10.218744067627172,0.7096342661428162,1.7131055306184493,683.9595620807376
11,1,14.128598954240957,1.5082909256522952,2.324437965995007,16.672496736285208,95.37316818568915,2.1664885266049345,2.3530676246497237,0.25690820274719506,1.6022547889619687,5.103816127726922,1.177869384181085,2.838297003195671,1295.2462477199215
6,1,14.422201254437914,1.9141506045263823,2.4551158974386924,14.418152997648676,96.65780645269705,2.509257476923671,2.546702574922738,0.3002045372832033,2.0644228804987983,5.276957116185004,1.0110791915710788,3.5984811823743694,1302.9567487704599
27,1,13.306643654455677,1.7784103295234914,2.1264611664035,16.67606284061873,94.46222330161207,2.4108541216117416,2.137823061993541,0.2777147790574299,1.3406313426873544,4.196729721421579,1.0229577963667615,2.707933552126152,1279.0746774786837
144,3,12.203759514090349,3.8558444844328887,2.1900407483484785,18.842349265246966,112.78885025718002,1.3774815014632242,0.7462844451863505,0.2995361393476007,1.144828401780379,8.079550021148133,0.6202371334568353,1.974439320335295,864.4859041929542
4,1,13.279875200908194,2.556390091368796,2.8798795206000882,20.75914876119587,118.92783915879629,2.823411500619521,2.662196862628727,0.39395274663062013,1.8320295812121465,4.463195024755205,1.0734061428394486,2.9191938742860257,727.4858527813617
32,1,13.73035401513754,1.8988216351321576,2.3638803151724757,17.04163675064336,105.40915369714165,2.3838727842861087,2.680636830301964,0.4231451746179261,2.0274247025592143,4.045050928977937,1.2266824620618448,2.865096264793578,997.5711397272693
95,2,12.497911040465443,1.4169239576904098,2.2382100931570594,19.25525870260674,161.4027439810886,2.532123893058169,2.23402148280231,0.31547519636617,3.277380065214289,2.4811101075959106,1.1746856619978558,2.609712434571834,918.786384646899
170,3,12.163729104045466,3.109443633395459,2.3502867473066775,18.659897232893986,96.44211713881789,1.2294657128803699,0.4915859457450351,0.40190380982242657,0.7037201636468299,5.5917523925477335,0.655856156745323,1.8082418234622064,492.86459044240564
75,2,11.631455181862771,1.8647023933509388,1.9374473270252621,16.14673220444175,96.65930250089049,1.5648789391357931,1.540525812555997,0.3429511504561075,1.109857005971665,3.6868436360608343,1.2351007919033898,2.185631482929271,442.8360627981536
10,1,14.05704373398142,2.1597691208530914,2.2857555570758894,17.725873277003696,104.23312573170307,2.942100516855506,3.353245083273379,0.21888503815962645,2.378161908866398,5.753534936301117,1.268350611650047,3.1670636357002517,1523.1445929133108
147,3,12.899259139677369,4.575473464383321,2.469442784038859,21.74185877888674,85.36562290460607,1.6392404318422804,0.6988723821230337,0.46684768585085495,0.8457863470559919,7.619927894582649,0.5543394140362632,1.8410253080779122,633.8832337988731
123,2,13.09819880185135,5.797561308431888,2.1112617262681423,21.079043728714073,86.4553590761566,2.62737104287514,2.655144922843748,0.29320912233057267,2.0737172944708098,2.318397238829757,0.7274852037498717,3.0988760732802874,381.2333228711607
0,1,14.246130477274146,1.7743195942346341,2.4352314624410116,15.259826933247371,127.38479235040312,2.7924817371651733,3.081928488297064,0.2707900322982282,2.34610463873546,5.689720255238234,1.0383363717976577,3.934662579742569,1031.4743324770413
142,3,13.555740352228556,3.2090056729340803,2.668744144408604,23.394285086417973,97.36837906689937,1.585776920719905,0.6203863720122672,0.4896762173793978,0.517210381354822,4.36679935044345,0.9023438686902544,2.0614094000842162,518.950239346345
126,2,12.397029638580783,1.5549299360803006,2.281423819521166,21.68853360189351,85.79234344423621,2.758818802104703,3.0944186056247736,0.3930710456361965,1.7474689047174912,4.113348055683155,0.7186989061727092,2.8343836367703963,358.3676480040015
64,2,12.175542750392276,1.4544969741102662,2.524264403332682,18.993994099376504,104.00314157108414,1.8496321062215477,1.691533611999323,0.45078280642370194,1.0323385124200144,3.0216260363249265,1.4523650768951082,2.2122545449452966,347.50303986921455
44,1,12.997944899844782,1.6968521353929127,2.071495767029721,16.934871275860004,107.75233248020596,2.975686762757581,3.032942900496824,0.2774358010028322,2.0742920775951124,5.308491595902031,0.9040718827786622,3.3319238279187346,875.0108314168285
96,2,11.780672331519257,2.0772866721760024,2.7549176690826207,21.761132576248155,132.62975838512264,1.615099268195492,1.0822661304982,0.13824328162205943,1.5618073164229624,2.512545367179625,0.9470306027518314,2.2436798310489494,645.2507738419148
28,1,13.903389594831253,1.8826340174264629,2.778698049675369,19.818116470456015,107.0226707305543,2.9745652912895664,2.957652368164105,0.37111549387011156,1.7394824717757789,4.487631877905329,1.2617091124711706,3.409249638602133,914.1547483406896
40,1,13.550895408688636,1.7331584285940993,2.315006787848651,16.33041791317627,117.08275965627665,3.1854525265317193,3.3718519241211693,0.33912781572365447,2.3381334466260837,6.108393400535956,0.9635442158756415,3.352858883477431,801.3762282783862
127,2,11.83595651488609,2.133524424824655,2.832056637819245,28.37916622639835,92.69303992755144,2.165220769273855,2.2445709582708115,0.5728950681459797,1.7400770298144954,2.948480203067076,0.9649574858026109,2.450736249800737,476.8533230919035
25,1,13.070442480140297,2.0997653179017384,3.1898741950938376,24.9188802514022,122.7577714610126,2.6274038443028105,2.6477259428313475,0.47483890116745375,1.9390985275392316,3.321251592599963,1.1208109396245898,3.2385747568286125,815.9598521873988
23,1,12.953908042044345,1.6239655458190148,2.5172220887263683,17.55004120832708,96.37552304587602,2.490517013045284,2.323041180778573,0.26161186870455,1.4375236313402289,3.9041931897146673,1.1040882870191324,3.6388918108683,1017.708768066453
132,3,12.813563086345775,2.3127501392436915,2.3923804954262207,24.019558579917287,98.19653999047424,1.18766341661437,1.1198342039236338,0.2714092619430134,0.8138191771380651,5.457647426061702,0.6534618496719105,1.3499103150605622,578.5014158125717
81,2,12.666556599847102,1.9251535216569005,2.188743185704638,18.483858960720593,86.24525410295934,2.191204054603858,2.4866309401871,0.2644390823277994,1.8068333018865583,3.952978307985452,1.1489994960740926,3.1045611360380088,739.5055090298621
79,2,12.698687873068396,3.8905550702635265,2.414216695469681,23.107061549130044,100.63073062325435,2.8410120594212636,2.553852522347157,0.42568767961288373,1.925642831170144,2.4246649337224473,1.181587298127871,3.1730823158559844,463.55990828894994
84,2,11.803405406209487,0.8681437245986163,2.600688354260292,18.38908136485415,94.49498056641309,2.1905204573892902,2.285056242203206,0.22643277661994696,2.304157741367843,2.945184216574037,0.7834119559373675,3.04805851813865,516.664031466194
39,1,14.257132840030897,4.084114330528239,2.524429633391935,13.33921276647985,128.04411772626045,2.9840225046805027,3.025458609377897,0.19925777288470614,2.083011301917995,5.021545125165624,0.9005363903868958,3.5531657435411876,763.7717174352882
101,2,12.60159524244986,1.4007408243497181,1.8864735591581618,18.408985342282183,89.11226338857794,1.4514031684302882,1.422284049098121,0.2947095740657536,1.3385729930867143,2.425981613568288,1.046335024881297,2.7874315375942293,565.4157913993258
86,2,12.154783670950284,1.701894042186337,2.3555129590661252,22.902225858050567,88.67382529178147,1.760061239911152,1.6324306385869682,0.4338925798774846,1.5762118713794795,2.4508049594788552,1.3388025964105221,2.253536217139081,514.4423480871587
120,2,11.445282969222497,2.3943868440571467,2.3868964523780067,20.31438348836218,96.16150216349926,2.896203436789677,2.764692708597584,0.31449435031158646,1.8400638603309756,3.377101007136164,0.8051829716765064,3.382820678656788,611.0305885178777
173,3,13.738132951082015,5.6994012417999445,2.430689836409059,20.80467595924066,95.37583136050723,1.649986308928568,0.543301373157413,0.5226653721460449,1.0589881837198054,7.632313473040915,0.6326957660043664,1.6898850822186802,736.0761793319524
162,3,12.832806435170902,3.1964858173709385,2.5831739376181,21.805270969036705,105.82853739718595,1.644490162771711,0.6034600462331371,0.6017292557554874,0.9580649234126011,5.6362731271652615,0.8785743651276717,2.1190107745221844,554.3376785971914
47,1,13.929527892206337,1.7196707243922569,2.121671666288024,16.09899749957897,100.62770744255752,3.1130033185148602,3.4269757057185664,0.21016065178472002,2.116673287156466,6.420057639733802,0.9245441820672453,3.3469239888744053,970.810429701118
94,2,11.65973170439716,1.9820191677123424,2.2891264242843823,17.969328310926382,97.6660793033488,3.002925857450003,2.263563867952533,0.16949982972481248,1.352642102150486,3.2942255023638505,1.1671893895582675,2.930268112829165,350.2795676922505
135,3,12.586998614920995,2.391434067450793,2.2295485075779062,18.656479090095257,94.1606681278184,1.6202694608233965,0.7181621728425852,0.6295447657764958,0.9679367275714187,7.078846596737212,0.7355307676514979,1.5757460737508155,706.3542069397511
166,3,13.414810228469964,3.75224958044331,2.597758787807863,23.074421107040454,109.33483781109776,1.7040409352150165,0.8844889039941792,0.4343072539559132,1.4291417382976366,10.588683426394002,0.8405652295691807,1.5610336302797443,685.8955284537127
61,2,12.620507317929848,1.2684073549552017,2.022126740905983,16.34027404656002,100.88781376417818,2.0331235118628186,1.4206812465248617,0.533062925723095,0.6198289031693394,5.727224342876737,0.982605350071386,1.6059588327430232,460.82476894143355
73,2,13.01698415113383,1.5732170502365506,2.5888825498140564,29.932485461258413,138.55827868171983,3.2961261846021483,2.864997954060703,0.210161537906408,1.9929169235567872,3.2461349757289777,1.299911031647781,3.500103823978163,1000.5843327729901
33,1,13.763514197118942,1.5483413088155482,2.7110017432952143,19.53852032240188,132.11757848157745,2.9814901239141665,2.7571434701490816,0.4920927384237017,1.3660219437549694,5.431487119207339,1.2497044573456086,2.9556014816368488,1262.1245780980362
125,2,12.093942847666838,2.188910184022536,2.1640444518508386,20.721733196371183,85.33773408544502,2.5390733530178946,2.673877088590469,0.3726205500946432,1.3915102908143178,2.7721353730485365,0.8398247203375286,3.265532698893674,378.9778508207515
133,3,12.766991623947522,3.5991085052926683,2.3540336337060594,21.612718269914,105.51625904367208,1.7851948325678655,1.2276055685032445,0.17383515218164225,0.8219898881442516,4.7465879073084345,0.7599195316431973,1.2961322839411202,591.0305013252332
139,3,12.848776241471915,2.997543328636391,2.6201631349604226,23.704341043104957,100.87944466556092,2.2947371208429117,0.5492538283676325,0.542192173452869,0.7519646401858828,4.917825001724217,0.8876501134136515,2.172973723737685,575.9453435188854
62,2,13.639260398127167,1.3247189264467392,1.9393530213364072,17.845102824801092,92.12757897862454,2.1116983106772684,1.7478260347753167,0.3256997952344567,0.7363606621853953,3.926124347841409,1.223254192036528,2.443138520563537,614.552859365163
176,3,13.21018209333677,2.6254322934401384,2.3287084074836986,20.260214512421825,120.67355371874643,1.6227844306040302,0.6466167626317377,0.519934365144048,1.4714934948363396,9.253224090921838,0.6013134824797323,1.6797228415752157,857.5219254336786
112,2,11.761951712660226,2.6733056481365116,2.926746556541393,19.828547108960333,103.99366348029639,1.7686837766257697,2.0186770525511233,0.6004156758147988,1.0933789759567838,3.7234804982733647,1.2283423464768841,2.448280885220751,585.7583632917617
115,2,11.063152991991096,1.5062752775409296,2.19494719794073,21.611349590085126,83.43508593221635,2.468020505425253,2.174132635559385,0.5296002876519245,2.047664219790211,1.7385334693907049,1.71,2.8546109852209196,424.0728337688298
105,2,12.460515544675713,2.535719607837247,2.2877204367342685,21.659806698725713,89.62602655343944,1.6611293074169924,1.8735634243760066,0.66,1.4370147728494949,2.48224333272162,0.8674858715409879,3.297733182624647,302.8244567698849
53,1,13.733557692335783,1.914951162735813,2.6753227073599066,17.50377504341244,113.86852017201845,3.031119533016899,2.7498001216513206,0.391741856449978,1.7042628697892026,6.3974341340998135,1.1243017918453717,2.924519547835007,1365.3934091060112
5,1,14.252516174958533,1.704474299050527,2.4743296805001354,15.140916594133472,111.83647890423158,3.2652451344915443,3.314111685288937,0.3447712118922508,1.9639192597748496,6.728730739773318,1.0473008411167681,2.8163625143960553,1447.87519252076
160,3,12.394394634478349,3.8472506632470833,2.3673510765169485,21.018492236547857,88.59674542794329,2.3158692622036527,1.0221822259360018,0.49670139556654874,1.0013540668211809,7.740480927066802,0.577896761039987,1.592226625713624,510.1347632150775
3,1,14.347051633845588,1.9456274765543202,2.458292830727396,16.8347331385305,113.9083241873161,3.823402365649315,3.436369126821075,0.2425338769821255,2.183731762590975,7.979471142864714,0.8600379347599478,3.46013086760087,1493.0663561645333
165,3,13.741569066555092,4.373947138989103,2.27966478986056,22.617867971680283,89.0321049342727,1.2791042585684242,0.5096417444699891,0.5186725193933429,1.1811475787970005,6.727970228671492,0.7777957111621078,1.7513093474752963,545.4230822067985
49,1,13.949773884657244,1.7441033855695154,2.25422570920601,17.10527908330068,109.20570031871684,2.938098810748281,3.541482049981587,0.3198959955252045,2.100806639573565,8.836433963927373,1.1210149062016754,3.1090593374669577,1250.782801151105
35,1,13.480909408949703,1.685915411173424,2.3804492887828963,20.498964724657686,99.79538024382087,2.72792600034431,2.9919118873742225,0.26439080893318406,1.886431692651352,5.116978490297865,1.0380152182119828,3.4584309039674688,913.9400254949119
80,2,12.03313273157487,0.8743945327755679,2.0003001989286413,18.872198847798415,84.94479806156524,2.4289210019080802,2.259926506023378,0.2950884205567914,1.4164401447206179,2.427948620203609,1.3712722607966752,3.075845991462036,278.0
77,2,11.894619540476674,2.884503389597104,2.225527358945236,17.672225898140816,111.89457692371667,1.7069812959993158,1.3017584947957064,0.4368263071111503,0.941582165234816,2.566988592183085,0.9477242330026894,2.5004357315475736,507.5856158241668
34,1,13.510277642164144,1.7971924611101378,2.6653920630464314,19.19150170682497,110.58260610211929,2.3519574575403754,2.551992286210572,0.2877590966062466,1.555324587973233,4.240177937033588,1.090609794516155,2.874287590072478,1092.848150409039
46,1,14.43057349046294,3.6031250990353842,2.2966880823305442,15.93167844118168,100.87092100155282,3.2557294137149992,3.149210966423404,0.2713815130156972,2.1726757155940724,4.80245515689855,1.0507369059972806,3.4444429225253064,1084.4493489029574
7,1,14.097551699199157,2.165298823490781,2.6117881023381315,17.64704896256883,122.52732599717238,2.613027624612673,2.5652827502190236,0.3025773078105428,1.233651768883124,4.791087430242804,1.0522521653669636,3.581129648135594,1311.0756673101982
124,2,11.878827254010703,4.386721406140455,2.373453941886134,21.034890011233244,82.82605745565951,2.8287768452628477,3.0569441036965417,0.21381513764161836,2.919446036893165,2.6959090666207515,0.7480944273974138,3.6549797357159917,363.3798178025967
43,1,13.246694875037988,3.995810399143556,2.2953658015848943,17.435038659159034,102.80995820504317,2.6593838308673288,2.6584207609695425,0.32766647086051687,1.684120680358074,4.32403352937384,0.8286190563071346,2.9841347129592144,687.3039736813591
70,2,12.246202515876918,1.5941610003642481,2.213089134908255,20.78315530660437,102.34599782402165,1.068401800149455,0.9959623669533176,0.36727239978914383,1.4536749410554577,3.2283079039459013,0.9025757885990249,1.8207283928591176,891.3151561070792
136,3,12.192970801058127,4.639084352289603,2.5506391158125825,20.99083065738997,88.38440860537636,1.4273026497161743,0.45879678546198155,0.5241158160514992,0.7631268940845997,3.792462130875076,0.757790344172577,1.2856181328504543,713.0631711403483
110,2,11.466270866328156,3.6707493401535825,1.803641114452974,19.197757250370728,107.06826971669614,3.1576227786499107,2.5236929328703663,0.24147331024313634,3.556675015893142,2.9599975034686308,0.7310482455781003,2.807682507954886,557.8744064974543
91,2,11.967474701122484,1.5370958855847454,2.4125130272717668,21.922326016124437,85.78894960548807,1.4586022212706091,1.2332670389112084,0.5077104964184562,1.636456405091111,3.5802742749796455,1.0483700448416347,2.6160572567545133,442.5969212901016
83,2,13.048493826602495,3.9136586087939897,2.329525370775485,22.59694909830175,85.87446253486002,1.6791491346250624,1.5408663015647115,0.6023157602029512,1.6260712145545513,4.943734682861609,0.8409704219881616,1.9837513675084035,507.89079987036047
156,3,13.819682815809697,4.19799337244406,2.403325015932833,19.603323451217886,88.68446223796158,1.792680978739531,0.8922394476389051,0.4741365666394898,1.5676472489636746,9.145611696376376,0.5702846062941074,1.6626822684528266,456.6083092422071
161,3,13.62203713281074,3.2181086102068646,2.558062741548844,19.78897049855922,107.46506166576258,1.839877400553896,0.5623953976591559,0.49759279534094897,0.8165250607118855,6.0178477223341185,0.9396691000165817,1.8580144900483324,661.3770243804599
89,2,12.093577572593592,1.3146244595671952,2.3015344260905573,23.780319606424886,70.0,2.2416202649265116,1.5980815689409165,0.4156521777299873,1.3801841947057956,1.5367771303522861,1.084798285551099,3.2420852288435964,626.086181536696
8,1,14.814247791395184,1.6522620845158054,2.1608857130526746,13.658003815799018,97.2480958088053,2.8163676866489045,2.969328054603609,0.2856689170269723,1.988402276621438,5.224228058337114,1.0694875227768517,2.8563378574279574,1066.220643604632
13,1,14.75304755107655,1.83359838540919,2.397551444447303,11.621962229307586,90.78834807925132,3.1103109682605563,3.699365240905237,0.41890116067338196,2.808572649716325,5.488947603934292,1.2541209566407283,2.697154479964944,1141.4006814084937
59,2,12.336061429602088,0.9458119902916231,1.36,10.6,88.65109829794964,1.9311412235502066,0.6868351999396541,0.28312200182125113,0.4564148514088632,1.9947163195354696,1.0500979606765621,1.8198266025001006,510.9885426126612
152,3,13.097276944598999,1.9784939004494881,2.7347220730858215,25.456108427512316,116.66473687386687,2.1729220546705337,1.265773350519796,0.26179521866520905,1.6054052423895948,7.174609089386318,0.6223456271428713,1.3726495651022466,448.8553254072987
131,3,12.93929444536305,2.99860062888711,2.428232723542995,20.20652632353718,104.42313470375638,1.3303606837018505,1.1891704221547463,0.23099609924104067,0.7923083423485529,5.406838737702258,0.7669061126013027,1.4368847327864618,514.4622303853398
17,1,13.834884938002702,1.6283542064332799,2.6275180447768776,20.02320349976409,115.55891318097754,2.9665285588549004,3.425107454499718,0.4077231375277681,1.7119085134353584,6.512711290971651,1.114128516840123,2.5643358636307303,1106.709370858856
72,2,13.510883901112381,1.7119449402355351,2.233501250078446,24.158439512436434,86.1311807246604,1.900922521939767,1.720280936767242,0.2789097892691316,1.0310373663818404,3.5411001864796114,0.9720183592603483,2.797161468856565,460.38421358535226
155,3,13.121706871338711,5.198404059504913,2.3355048934017444,22.120020420183728,93.29738610187626,1.758426511034232,0.6330315516995783,0.6060202005861653,1.541538803629146,7.824339262962399,0.6023258376742203,1.445345510859394,715.707761607303
134,3,12.600783366380913,1.188368607688535,2.2740664318239876,17.74953611100049,86.14926562608854,2.037402939322886,0.5623808083839165,0.6061827075321781,1.3068356461451887,5.76387447719042,0.7364041541941007,1.491008171384744,625.5007077525752
148,3,13.39004972281618,3.226383821440795,2.3716852776608066,21.70606871107726,92.45209220165793,1.9224194021763015,0.7129643511898891,0.446963111633548,1.2570993823154446,8.363081682162173,0.5596208460778559,1.5904015750250906,648.20485527803
163,3,13.011810548656166,3.525345685798555,2.3420074714761947,18.41197360414393,105.05173989742259,1.3934944988048896,0.7240677135727651,0.40095991750411863,0.914469713082504,5.050359465502165,0.6903734832525319,1.7628193106409122,688.2972178250587
63,2,12.401493107148985,1.1744179535250936,2.149665524038411,19.122790676955933,86.95421481112284,3.4701684443392566,3.102559051034331,0.18557046068438918,1.8889072221640735,4.535866505077449,1.2268812236347388,2.8894950255423586,401.97091407251816
54,1,13.740575444573874,1.6480572934653446,2.2680240009599775,16.103848938830637,118.34497970327253,2.562937345080345,2.814565817784774,0.22173553307435007,1.6285898928814244,5.9502599130176055,0.9229099555357773,3.1958005494574846,1061.2278466297294
107,2,12.736798812640936,1.7326791828856054,2.298205524268626,22.48876644797647,83.30319244445356,1.3323315192479461,1.7293545006954785,0.47843110869515154,1.6396429155498433,3.4508744185258307,0.8968474179690283,2.3961690198250096,493.55101817228734
50,1,13.08982475027181,1.6424178209494622,2.0659163921081434,12.558786038519877,90.75039049901451,2.6943302585290048,3.133095944873865,0.17067017982096436,2.9673096742339347,7.255198680634435,1.105785806575473,2.909460849746505,1148.8309524606543
175,3,13.246114349595922,4.35308354287428,2.278860875162173,20.025966444923725,119.70918996103839,1.6350242926491998,0.703900965489928,0.4263539318464417,1.3611198900714276,10.299104497495525,0.5908027988027134,1.546716368984605,837.6034101081697
58,1,13.703109047719671,1.4748348161484552,2.4694775219146865,16.786648107914313,107.31843418466971,3.3549709150333347,3.683428392434063,0.19986497266535289,2.0303739296931944,7.015673448203481,0.8809127247146182,2.848264539761861,1287.7665282215848
48,1,14.036572970354559,2.013063862255282,2.4052540328011704,18.75862515906264,102.98685409112123,2.741197456418261,2.8823984382322836,0.3299990576242739,2.31801773728597,6.11263050673032,1.0809459708905516,2.7592545276089426,1048.6055540440036
88,2,11.610670875045244,2.0701268016101753,2.44020819296676,21.81903947088182,82.53590772430341,1.9124987856142615,1.7156013425337802,0.48864392466069356,1.3447568511248507,2.68938069732434,0.9774499036765709,2.72930681232524,701.0101276596064
21,1,12.99312946576311,3.690154189096601,2.6404085011880345,18.584399339900457,102.51952497753327,2.3925717550729027,2.34920956535884,0.2550691338462424,2.021399246379272,4.371714457564397,1.0296545684532064,3.4772386522900804,787.4935508137486
57,1,13.277298610536285,1.9453722465002368,2.683190111606962,16.709702664613616,101.41616336753012,3.0049211199782087,3.1841870929706815,0.30668861540124953,1.6571099389100687,5.968851804462905,1.0741234358509604,2.803305674959085,1286.6825577893212
172,3,14.147921817552598,2.577522949427725,2.495625072949143,20.171984378038395,91.91609205774685,1.6596966396770547,0.7197748280117335,0.4443876055086008,1.1689904182169317,9.86799710760351,0.6083458467398226,1.6662309892559246,674.2117338824249
129,2,12.05207514723261,4.349666297262542,2.363341229496165,21.727398975061295,79.74525306738734,2.1316002810854773,1.7173571958147564,0.4199626731656989,1.3342019121674995,2.661889612699859,0.7822978626036747,2.57675707532253,557.918787838549
37,1,12.988735362327368,1.666733448187435,2.50652774233084,18.097200468642367,97.97664207732628,2.4944853655046377,2.4270300602760044,0.2969557656952359,1.4714682266835355,4.307274696857521,1.120189161470877,2.514106068462209,1117.9833945369237
157,3,12.485924504223327,3.029255256113072,2.643375926741762,26.797757934399936,96.84080791159883,1.8347762238863776,0.5532830360999913,0.6359142808828364,1.1573024044336158,7.286777110760494,0.6817476854671302,1.732744198580073,889.1915320142441
168,3,13.628123460504169,2.620298114742634,2.739434788609553,24.747917804872205,104.36689308510775,1.5301932224198176,0.8205218631914186,0.3865588924361976,1.5133757755806097,8.578758503847892,0.7272957084883792,1.8160450741127026,728.4579389184881
1,1,13.214337258087495,1.765761913608515,2.1362067756921683,11.149360712870122,102.27449710529085,2.6517151215459003,2.742593572163733,0.26502347675503724,1.2620804725881491,4.164860925428569,1.0394410657333915,3.4325404767719974,1046.986956820796
52,1,13.882751337486221,1.6657665242725326,2.4208773186335697,14.026187035839019,110.54380311623329,3.88,3.7064997297078586,0.3236147825852328,1.8569805355064535,7.187270006508485,1.0238447295837962,3.2438311237084743,1193.8806441595405
149,3,13.029580392886835,3.899686323532502,2.3933264596666244,21.58003865694896,113.94163980066841,1.3968269160205553,1.4043361164606698,0.32530011682655874,1.1189919734319451,9.585837768966208,0.566642402580986,1.3410968351286088,573.3337257157074
130,3,12.930061200314569,1.3703978379505304,2.3310381353764553,17.625641188315054,120.99386136962168,1.5094218735378715,1.2202361897278629,0.21424496419003614,0.8756593383926552,4.191365220432572,0.7504362698099067,1.27,640.1606284876775
151,3,12.762231826677272,2.72680749085078,2.4840553013915807,21.87378654073797,112.34236087980571,1.4464544174734935,1.3607435502339116,0.2377114823202069,1.2842058378896495,10.684348675439326,0.48896282300576804,1.5076387760729895,467.8787885035582
103,2,11.771363050136001,1.6470754945189023,1.8882675816413619,19.70244790640159,86.44056239081729,2.455548920284392,1.6054581183028531,0.36530397499204215,1.4598488006270443,2.2336930362517706,0.9339951769340433,2.406016107196644,438.7693461874965
99,2,12.280979105474145,3.1637806878884964,2.214679561539127,18.168346414689154,87.97775718106972,2.891916155997905,2.9172742451093767,0.44553071879724315,2.7618651684763176,2.2703185245450452,1.432637284884667,2.810614785450196,406.61379227324875
116,2,11.891136215857948,1.4661896350693908,1.9686865921934695,20.854908247846673,85.4746756579316,1.927101973657105,1.6432494308148846,0.2992832126531502,1.5694301379629862,1.807665372295788,0.9418362393631495,3.3136825302750865,491.41310726061863
87,2,11.649261198645817,1.6142766536147362,2.5949149755491456,25.73820406714345,87.75774384959516,1.9875299512442253,1.6336775790935225,0.4025443157744594,1.3367341645157083,2.48697182135951,1.3580369868895525,3.1683328017894836,557.4138028838248
74,2,11.92456151705068,1.1146762677111188,2.335283685696723,21.113587671406563,100.62897365818473,3.4010293905820705,2.24848353006101,0.13,1.6888366954369216,3.159585642308637,1.0016231514842815,3.130889313263254,863.2377555629157
121,2,11.510792185969766,2.087816822399557,3.23,28.638399520499856,121.20986417928862,3.199719219189986,5.030515687384082,0.471006193531926,1.8712030288304073,6.005810602600808,0.9272169912845629,3.6958395756019002,463.4610315564977
177,3,14.126005496819637,4.085290969213629,2.7418717847762406,24.509121339346006,95.97920515771077,2.0666885913573383,0.7500952729004617,0.5630568177508233,1.3542967635714287,9.18109045839441,0.6192994558615673,1.5948290067822037,566.9747433074253
20,1,13.98419146028081,1.7339876859962464,2.278312742682149,16.237295164414743,126.48289767637084,2.9926721150479723,3.1639087454074346,0.24986757065344903,2.1118061783093363,5.484435261390356,1.0891937644365937,3.6679512396455514,774.5969257480965
71,2,13.810592672019448,1.493840383618797,2.6846060701044276,24.867414232714758,87.63909508319134,2.9613704513613253,2.906896111374573,0.2042935421031068,1.8449548974932117,3.5222006831565573,1.3843748092187205,3.214146444211452,415.89474373101075
106,2,12.308636570770645,1.7073978163830523,2.167473523602491,18.901087629965005,79.19378682546375,1.64452199605425,2.0059630858181143,0.36814705541007764,1.6678711703751983,3.3823489862420018,1.019295976830465,3.184994000744495,497.88123718578316
14,1,14.430284024671748,1.845931029792789,2.3897979148749156,11.517985353657352,102.03464741451451,3.316039125016774,3.5844926161120645,0.2913868137552913,2.9244522337730294,7.41634804804508,1.1836644159720648,3.071914261791644,1545.0241906418278
92,2,12.68512033843149,1.4887357468916025,2.2490027763479175,20.878446536968646,79.75234875885312,1.3790230907196472,1.5172501612210514,0.5860812694500155,1.6072544841988217,3.18012743682438,0.9664235972793505,2.038020517751104,499.43789537905303
102,2,12.322304738692328,2.421713310042367,2.4575054039574282,21.060889220913207,97.9207526301553,2.53243990269005,2.0949907886130177,0.3383876134297894,1.3266191902812885,2.6613047947351625,0.7899582309709572,3.4061501848292313,440.65904549642914